id,name,lat,lon,departure,arrival,x_transformed,y_transformed,cluster
2,Buckingham Fountain,41.87651123,-87.62054801,0.0,0.0,448508.33485980466,4636251.695202439,0
3,Shedd Aquarium,41.86722596,-87.61535539,0.0,0.0,448931.8180300407,4635217.67661276,0
4,Burnham Harbor,41.856268,-87.613348,47.0,25.0,449089.7198399697,4633999.856273715,0
5,State St & Harrison St,41.874053,-87.627716,137.0,130.0,447911.5526623127,4635983.090023546,0
6,Dusable Harbor,41.886976,-87.612813,53.0,53.0,449158.4676547382,4637408.958406485,0
7,Field Blvd & South Water St,41.88634906,-87.61751655,36.0,24.0,448767.7388865786,4637342.148352946,0
9,Leavitt St & Archer Ave,41.82879202,-87.68060446,62.0,62.0,443482.96871365735,4630991.354147803,1
11,Jeffery Blvd & 71st St,41.76663824,-87.57645011,61.0,66.0,452085.6511891729,4624027.418090907,-1
12,South Shore Dr & 71st St,41.76640946,-87.56568757,0.0,0.0,452980.0663885918,4623996.078454232,-1
13,Wilton Ave & Diversey Pkwy,41.932418,-87.652705,3.0,4.0,445887.23798644054,4642478.692355993,0
14,Morgan St & 18th St,41.858086,-87.651073,0.0,0.0,445959.91343104374,4634224.759173744,0
15,Racine Ave & 18th St,41.858166,-87.656495,2.0,1.0,445509.9446010412,4634237.068151144,0
16,Paulina Ave & North Ave,41.910337,-87.670072,11.0,7.0,444428.25642357254,4640038.18678902,0
17,Honore St & Division St,41.903119,-87.673935,67.0,98.0,444101.5844594594,4639239.297552302,0
18,Wacker Dr & Washington St,41.883132,-87.637321,21.0,18.0,447122.0026430565,4636996.979972536,0
19,Throop (Loomis) St & Taylor St,41.868968,-87.659141,24.0,26.0,445299.5296572794,4635438.064721343,0
20,Sheffield Ave & Kingsbury St,41.910522,-87.653106,35.0,36.0,445835.4776446387,4640047.8738451945,0
21,Aberdeen St & Jackson Blvd,41.87772613,-87.65478743,42.0,29.0,445668.2412250984,4636407.690325951,0
22,May St & Taylor St,41.8694821,-87.6554864,67.0,70.0,445603.2531429469,4635492.821407506,0
23,Orleans St & Elm St,41.902924,-87.637715,23.0,25.0,447105.6450804538,4639194.679824811,0
24,Fairbanks Ct & Grand Ave,41.89184737,-87.6205802,52.0,51.0,448517.977031465,4637954.445144084,0
25,Michigan Ave & Pearson St,41.89766,-87.62351,63.0,74.0,448279.6158660208,4638601.5691608,0
26,McClurg Ct & Illinois St,41.890359,-87.617532,29.0,37.0,448769.66106058046,4637787.370789087,0
27,Larrabee St & North Ave,41.91021,-87.6435,20.0,17.0,446631.88295167184,4640007.211622726,0
28,Larrabee St & Menomonee St,41.91468,-87.64332,94.0,102.0,446650.5336694983,4640503.394453648,0
29,Noble St & Milwaukee Ave,41.90068,-87.6626,56.0,46.0,445039.66020840505,4638961.176857706,0
30,Ashland Ave & Augusta Blvd,41.899643,-87.6677,85.0,85.0,444615.73494270066,4638849.320982017,0
31,Franklin St & Chicago Ave,41.89674697,-87.63566762,25.0,25.0,447270.3812181411,4638507.598248754,0
32,Racine Ave & Congress Pkwy,41.87464,-87.65703,21.0,24.0,445479.5374726825,4636066.467834611,0
33,State St & Van Buren St,41.877181,-87.627844,26.0,28.0,447903.47147027985,4636330.460727392,0
34,Cannon Dr & Fullerton Ave,41.92675599,-87.63442878,31.0,29.0,447397.7903884941,4641838.675707398,0
35,Streeter Dr & Grand Ave,41.892278,-87.612043,80.0,78.0,449226.54915334226,4637997.169822248,0
36,Franklin St & Jackson Blvd,41.87770796,-87.63532114,31.0,35.0,447283.47209665383,4636393.5332019795,0
37,Dearborn St & Adams St,41.87935636,-87.62979104,63.0,45.0,447743.6837648797,4636573.168596805,0
38,Clark St & Lake St,41.88602083,-87.63087606,47.0,44.0,447659.0943142427,4637313.768068031,0
39,Wabash Ave & Adams St,41.87947235,-87.62568861,493.0,502.0,448084.1744049589,4636583.556912525,0
40,LaSalle St & Adams St,41.87934437,-87.63198522,93.0,89.0,447561.6131344386,4636573.175690877,0
41,Federal St & Polk St,41.87207763,-87.62954377,51.0,58.0,447758.2733969771,4635764.88116254,0
42,Wabash Ave & Cermak Rd,41.852619,-87.626488,77.0,74.0,447996.087795661,4633602.594075731,0
43,Michigan Ave & Washington St,41.88398406,-87.62468398,65.0,49.0,448171.17903125053,4637083.872622241,0
44,State St & Randolph St,41.8847302,-87.62773357,35.0,34.0,447918.76531011367,4637168.560859407,0
45,Michigan Ave & Ida B Wells Dr,41.876243,-87.624426,54.0,58.0,448186.32998454594,4636224.24818254,0
46,Wells St & Walton St,41.89993001,-87.63443007,21.0,15.0,447375.6517789314,4638860.243781797,0
47,State St & Kinzie St,41.889187,-87.627754,285.0,248.0,447920.6901719097,4637663.4001612,0
48,Larrabee St & Kingsbury St,41.897764,-87.642884,90.0,95.0,446672.6146410026,4638624.977038353,0
49,Dearborn St & Monroe St,41.88131982,-87.62952092,55.0,51.0,447767.6958526092,4636791.001774263,0
50,Clark St & Ida B Wells Dr,41.87593267,-87.63058454,42.0,24.0,447675.0507513166,4636193.529244101,0
51,Clark St & Randolph St,41.88457623,-87.63188991,110.0,103.0,447573.79841227696,4637153.996807719,0
52,Michigan Ave & Lake St,41.886024,-87.624117,115.0,151.0,448219.8676802733,4637310.019485032,0
53,Wells St & Huron St,41.894722,-87.634362,88.0,89.0,447377.0226025675,4638281.969119801,0
54,Ogden Ave & Chicago Ave,41.89636246,-87.65406127,63.0,66.0,445744.2666593385,4638476.375304834,0
55,Halsted St & Roosevelt Rd,41.867324,-87.648625,68.0,83.0,446170.8513153857,4635248.888557874,0
56,Desplaines St & Kinzie St,41.88871604,-87.64444785,115.0,118.0,446535.34701614425,4637621.377383827,0
57,Clinton St & Roosevelt Rd,41.86711778,-87.64108796,111.0,111.0,446796.17940730025,4635221.293867869,0
58,Marshfield Ave & Cortland St,41.916017,-87.668879,47.0,46.0,444532.1153462645,4640668.053562302,0
59,Wabash Ave & Roosevelt Rd,41.867227,-87.625961,27.0,28.0,448051.6582273343,4635224.155630803,0
60,Dayton St & North Ave,41.91057803,-87.64942193,103.0,68.0,446141.0598836226,4640051.774829943,0
61,Wood St & Milwaukee Ave,41.907655,-87.672552,26.0,29.0,444220.2442537979,4639742.0196548505,0
62,McCormick Place,41.85137517,-87.61883465,79.0,71.0,448630.38946964114,4633459.88902564,0
66,Clinton St & Lake St,41.885637,-87.641823,96.0,97.0,446750.5537973251,4637277.88733778,0
67,Sheffield Ave & Fullerton Ave,41.92560188,-87.65370804,44.0,37.0,445798.3103362736,4641722.543947392,0
68,Clinton St & Tilden St,41.875885,-87.640795,48.0,46.0,446827.7588586267,4636194.511631198,0
69,Damen Ave & Pierce Ave,41.90939601,-87.67769193,20.0,19.0,443795.4765580092,4639938.675623095,0
71,Morgan St & Lake St,41.88548331,-87.65230486,0.0,0.0,445880.78263901745,4637267.380900719,0
72,Wabash Ave & 16th St,41.860384,-87.625813,0.0,0.0,448058.40247085865,4634464.308671181,0
73,Jefferson St & Monroe St,41.880422,-87.642746,0.0,0.0,446669.6393410272,4636699.452825818,0
74,Kingsbury St & Erie St,41.89380806,-87.64169723,138.0,139.0,446767.772933856,4638185.021526882,0
75,Canal St & Jackson Blvd,41.877245,-87.639366,77.0,92.0,446947.460575393,4636344.624369011,0
76,Lake Shore Dr & Monroe St,41.880958,-87.616743,32.0,36.0,448827.6151184872,4636743.131935399,0
77,Clinton St & Madison St,41.882242,-87.641066,87.0,104.0,446810.5435124091,4636900.479954423,0
80,Aberdeen St & Monroe St,41.880419,-87.655519,0.0,0.0,445609.8216362914,4636707.135817202,0
81,Daley Center Plaza,41.884241,-87.629634,100.0,100.0,447760.6929339994,4637115.401393443,0
84,Milwaukee Ave & Grand Ave,41.891578,-87.648384,48.0,52.0,446211.195866618,4637941.593655506,0
85,Michigan Ave & Oak St,41.90096039,-87.62377664,37.0,37.0,448260.1621755409,4638968.164399365,0
86,Eckhart Park,41.89637337,-87.66098386,90.0,86.0,445170.0300604681,4638481.987521589,0
87,Racine Ave & Fullerton Ave,41.92556258,-87.65840426,55.0,52.0,445408.8915684862,4641721.159746285,0
88,Racine Ave & Randolph St,41.884069,-87.656853,277.0,243.0,445502.2372627195,4637113.232030339,0
89,Financial Pl & Ida B Wells Dr,41.87502363,-87.63309404,263.0,217.0,447466.0708567375,4636094.134011497,0
90,Millennium Park,41.8810317,-87.62408432,0.0,0.0,448218.5481502051,4636755.718063772,0
91,Clinton St & Washington Blvd,41.88338,-87.64117,0.0,0.0,446802.85853966186,4637026.8935407,0
92,Carpenter St & Huron St,41.894556,-87.653449,55.0,56.0,445793.5284090288,4638275.42133966,0
93,Sheffield Ave & Willow St,41.913688,-87.652855,235.0,235.0,445858.9697416939,4640399.229823988,0
94,Clark St & Armitage Ave,41.918306,-87.636282,0.0,0.0,447237.17288232537,4640901.627941866,0
95,Stony Island Ave & 64th St,41.778881,-87.586647,0.0,0.0,451247.3573059932,4625392.402354191,2
96,Desplaines St & Randolph St,41.88461619,-87.64457058,58.0,64.0,446521.7458878085,4637166.25804629,0
97,Field Museum,41.865312,-87.617867,219.0,222.0,448721.8498378043,4635006.672601727,0
98,LaSalle St & Washington St,41.882664,-87.63253,34.0,37.0,447519.1267728703,4636942.0782297,0
99,Lake Shore Dr & Ohio St,41.89257,-87.614492,63.0,61.0,449023.6179850779,4638031.041927683,0
100,Orleans St & Merchandise Mart Plaza,41.888243,-87.63639,36.0,41.0,447203.4555445682,4637563.867746889,0
101,63rd St Beach,41.78101637,-87.57611976,30.0,38.0,452123.8035769977,4625623.5675640525,-1
102,Stony Island Ave & 67th St,41.7734585,-87.58533974,242.0,229.0,451351.898412149,4624789.628039075,-1
103,Clinton St & Polk St,41.87146652,-87.64094913,276.0,287.0,446811.3060663123,4635704.03578081,0
106,State St & Pearson St,41.897448,-87.628722,40.0,36.0,447847.104152214,4638581.186473704,0
107,Desplaines St & Jackson Blvd,41.878287,-87.643909,60.0,57.0,446571.3632130654,4636463.132909744,0
108,Halsted St & Polk St,41.87184,-87.64664,106.0,103.0,446339.36355249886,4635749.044179053,0
109,900 W Harrison St,41.874754,-87.649807,2.0,1.0,446079.00194516755,4636074.56209945,0
110,Dearborn St & Erie St,41.893992,-87.629318,63.0,49.0,447794.85084965295,4638197.837667881,0
111,Sedgwick St & Huron St,41.894666,-87.638437,37.0,34.0,447038.936530431,4638278.258931901,0
112,Green St & Randolph St,41.883668,-87.64867,65.0,55.0,446180.83089196455,4637063.5457786815,0
113,Bissell St & Armitage Ave,41.91844,-87.65222,70.0,72.0,445915.6426976475,4640926.43428617,0
114,Sheffield Ave & Waveland Ave,41.949399,-87.654529,143.0,123.0,445750.41364480805,4644365.220061557,0
115,Sheffield Ave & Wellington Ave,41.936266,-87.652662,18.0,12.0,445894.0553887152,4642905.902361767,0
116,Western Ave & Winnebago Ave,41.91552,-87.687022,0.0,0.0,443027.1275817208,4640624.765944427,0
117,Wilton Ave & Belmont Ave,41.94018,-87.65304,22.0,14.0,445866.02929489285,4643340.706308314,0
118,Sedgwick St & North Ave,41.911386,-87.638677,0.0,0.0,447032.8483606591,4640134.790761611,0
119,Ashland Ave & Lake St,41.88592,-87.66717,0.0,0.0,444647.8501868106,4637325.347154381,0
120,Wentworth Ave & Cermak Rd (Temp),41.853005,-87.630578,50.0,56.0,447656.8956774277,4633647.93547008,0
121,Blackstone Ave & Hyde Park Blvd,41.802562,-87.590368,61.0,61.0,450956.18082786346,4628023.712649969,3
122,Ogden Ave & Congress Pkwy,41.87501,-87.67328,30.0,32.0,444131.4251138549,4636117.997606787,4
123,California Ave & Milwaukee Ave,41.922695,-87.697153,19.0,20.0,442193.4627672899,4641428.1728582205,0
124,Damen Ave & Cullerton St,41.855048,-87.675726,135.0,132.0,443911.0106253533,4633903.269780971,-1
125,Rush St & Hubbard St,41.890173,-87.626185,61.0,62.0,448051.6559657763,4637771.922140236,0
126,Clark St & North Ave,41.911974,-87.631942,77.0,81.0,447591.8829999883,4640195.937929227,0
127,Lincoln Ave & Fullerton Ave,41.925905,-87.64926,68.0,73.0,446167.3726428991,4641753.396713859,0
128,Damen Ave & Chicago Ave,41.895769,-87.67722,59.0,64.0,443822.6723867997,4638425.389325941,0
129,Blue Island Ave & 18th St,41.857556,-87.661535,72.0,96.0,445091.0932685696,4634172.552611292,0
130,Damen Ave & Division St,41.903266,-87.678435,47.0,53.0,443728.4666243749,4639258.560715819,0
131,Lincoln Ave & Belmont Ave,41.939365,-87.668385,109.0,111.0,444593.28862016427,4643260.022343364,0
132,Wentworth Ave & 24th St (Temp),41.85008369,-87.63214052,82.0,84.0,447524.8055616738,4633324.545630037,0
133,Kingsbury St & Kinzie St,41.88917683,-87.63850577,25.0,21.0,447028.69653551345,4637668.852465982,0
134,Peoria St & Jackson Blvd,41.8776416,-87.64961779,14.0,22.0,446097.1292069842,4636395.045518543,0
135,Halsted St & 21st St,41.85378,-87.64665,14.0,16.0,446323.4306601269,4633743.903183279,0
136,Racine Ave & 13th St,41.865054,-87.656959,7.0,4.0,445477.2836623026,4635002.116579596,0
137,Morgan Ave & 14th Pl,41.862378,-87.651062,37.0,47.0,445964.4400355584,4634701.279880179,0
138,Clybourn Ave & Division St,41.904613,-87.640552,10.0,10.0,446871.733380127,4639383.9588608,0
140,Dearborn Pkwy & Delaware Pl,41.898969,-87.629912,48.0,88.0,447749.63234883366,4638750.783547695,0
141,Clark St & Lincoln Ave,41.915689,-87.6346,54.0,51.0,447374.5010690072,4640610.034222391,0
142,McClurg Ct & Erie St,41.894503,-87.617854,60.0,60.0,448746.26098277216,4638247.660961091,0
143,Sedgwick St & Webster Ave,41.922167,-87.638888,32.0,38.0,447024.2665464124,4641331.913895286,0
144,Larrabee St & Webster Ave,41.921822,-87.64414,23.0,26.0,446588.4880480312,4641296.867081471,0
145,Mies van der Rohe Way & Chestnut St,41.89858665,-87.62191523,36.0,41.0,448412.6490006865,4638703.492713511,0
146,Loomis St & Jackson Blvd,41.877945,-87.662007,32.0,34.0,445069.37339434586,4636436.586351575,0
147,Indiana Ave & 26th St,41.845687,-87.622481,5.0,3.0,448323.1260096438,4632830.538314664,5
148,State St & 33rd St,41.834734,-87.625813,161.0,158.0,448037.64960685035,4631616.475429017,5
149,Calumet Ave & 33rd St,41.8349,-87.61793,63.0,63.0,448692.3243653001,4631630.167225015,5
150,Fort Dearborn Dr & 31st St,41.838556,-87.608218,7.0,7.0,449501.604255941,4632030.324274022,5
152,Lincoln Ave & Diversey Pkwy,41.932225,-87.658617,9.0,3.0,445396.93437355413,4642461.012203764,0
153,Southport Ave & Wellington Ave,41.935733,-87.663576,27.0,30.0,444988.81793861906,4642853.669936071,0
154,Southport Ave & Belmont Ave,41.93949,-87.66378,26.0,22.0,444975.13587639824,4643270.934759126,0
156,Clark St & Wellington Ave,41.93649682,-87.64753866,0.0,0.0,446318.9779007327,4642928.309147055,0
157,Lake Shore Dr & Wellington Ave,41.93668845,-87.63682902,127.0,96.0,447206.9702268556,4642942.934885474,0
158,Milwaukee Ave & Wabansia Ave,41.912616,-87.681391,126.0,93.0,443491.5319775539,4640298.615128289,0
159,Claremont Ave & Hirsch St,41.907781,-87.685854,91.0,76.0,443117.1162680024,4639764.744913244,0
160,Campbell Ave & North Ave,41.910535,-87.689556,66.0,78.0,442812.5388901573,4640072.977580641,0
161,Rush St & Superior St,41.89576475,-87.62590803,61.0,67.0,448079.1624042174,4638392.592562537,0
162,Damen Ave & Wellington Ave,41.93588,-87.67842,72.0,76.0,443758.3569408073,4642879.622781924,6
163,Damen Ave & Clybourn Ave,41.931931,-87.677856,24.0,16.0,443801.64664517966,4642440.801710625,6
164,Franklin St & Lake St,41.885837,-87.6355,12.0,14.0,447275.31424689776,4637296.188568089,0
165,Clark St & Grace St,41.95078,-87.659172,30.0,31.0,445366.76347805985,4644521.499949571,0
166,Ashland Ave & Wrightwood Ave,41.92883,-87.668507,20.0,20.0,444574.0545289531,4642090.417032699,0
167,Damen Ave & Coulter St,41.8492,-87.67564,56.0,47.0,443913.04042844346,4633253.9286051635,-1
168,Michigan Ave & 14th St,41.864059,-87.623727,0.0,0.0,448234.502601788,4634871.07268208,0
169,Canal St & Harrison St,41.874255,-87.639573,31.0,37.0,446927.8105898342,4636012.780984029,0
170,Clinton St & 18th St,41.85795,-87.640826,45.0,49.0,446810.321891451,4634203.260803286,0
171,May St & Cullerton St,41.855136,-87.654127,40.0,34.0,445703.93016314495,4633899.156580598,0
172,Rush St & Cedar St,41.9023087,-87.62769053,0.0,0.0,447936.6141754792,4639120.2320445515,0
173,Mies van der Rohe Way & Chicago Ave,41.89691,-87.621743,58.0,57.0,448425.5863499346,4638517.234756566,0
174,Canal St & Madison St,41.882091,-87.639833,80.0,84.0,446912.72140516,4636882.951367774,0
175,Wells St & Polk St,41.872596,-87.633502,47.0,43.0,447430.22901725414,4635824.85092692,0
176,Clark St & Elm St,41.902973,-87.63128,14.0,17.0,447639.42933595553,4639196.1724237995,0
177,Theater on the Lake,41.926277,-87.630834,23.0,20.0,447695.45340260136,4641783.295279792,0
178,State St & 19th St,41.856594,-87.627542,54.0,58.0,447911.8217267404,4634044.56437127,0
179,MLK Jr Dr & Pershing Rd,41.8246,-87.61678,15.0,23.0,448779.60070805973,4630485.910337867,7
180,Ritchie Ct & Banks St,41.906866,-87.626217,15.0,17.0,448062.5294349864,4639625.3254906265,0
181,LaSalle St & Illinois St,41.890762,-87.631697,79.0,80.0,447594.8595228413,4637840.669056317,0
182,Wells St & Elm St,41.903222,-87.634324,32.0,32.0,447387.15262396383,4639225.680776476,0
183,Damen Ave & Thomas St (Augusta Blvd),41.901315,-87.677409,25.0,26.0,443811.85622222465,4639041.272939729,0
184,State St & 35th St,41.8309,-87.62803,1.0,0.0,447850.45528922154,4631192.143858423,5
185,Stave St & Armitage Ave,41.917741,-87.691392,30.0,33.0,442666.72138831235,4640874.271646988,0
186,Ogden Ave & Race Ave,41.891795,-87.658751,21.0,21.0,445351.34847822145,4637972.237491517,0
188,Greenview Ave & Fullerton Ave,41.92533,-87.6658,16.0,20.0,444795.47568449937,4641700.071783027,0
190,Southport Ave & Wrightwood Ave,41.928773,-87.663913,13.0,12.0,444954.8961373025,4642081.128912611,0
191,Canal St & Monroe St,41.88169,-87.63953,77.0,80.0,446937.5298129507,4636838.242020401,0
192,Canal St & Adams St,41.879255,-87.639904,93.0,96.0,446904.4827274312,4636568.121852496,0
193,State St & 29th St,41.841707,-87.626938,162.0,148.0,447949.8892761284,4632391.344091798,5
194,Wabash Ave & Wacker Pl,41.886875,-87.62603,37.0,33.0,448061.8434158369,4637405.659871845,0
195,Columbus Dr & Randolph St,41.884728,-87.619521,137.0,136.0,448600.1396293081,4637163.365003618,0
196,Cityfront Plaza Dr & Pioneer Ct,41.890573,-87.622072,214.0,203.0,448393.1941371646,4637813.851227946,0
197,Michigan Ave & Madison St,41.882134,-87.625125,19.0,17.0,448133.0920534056,4636878.731873524,0
198,Green St & Madison St,41.881892,-87.648789,5.0,5.0,446169.4668803146,4636866.435811324,0
199,Wabash Ave & Grand Ave,41.891466,-87.626761,47.0,47.0,448004.9193762024,4637915.829536408,0
200,MLK Jr Dr & 47th St,41.809851,-87.616279,109.0,109.0,448809.4620790756,4628848.08881636,-1
201,Indiana Ave & 40th St,41.82168,-87.6216,77.0,72.0,448376.97731786256,4630164.598713553,7
202,Halsted St & 18th St,41.857499,-87.646277,35.0,31.0,446357.5003302716,4634156.578904951,0
203,Western Ave & 21st St,41.854109,-87.685838,21.0,20.0,443070.8216293526,4633805.670377514,-1
204,Prairie Ave & Garfield Blvd,41.794853,-87.618691,11.0,10.0,448597.1252850851,4627184.364080429,8
205,Paulina St & 18th St,41.857901,-87.668745,37.0,36.0,444492.9422300791,4634215.49293457,0
206,Halsted St & Archer Ave,41.847203,-87.646795,0.0,0.0,446305.8945125385,4633013.770941184,9
207,Emerald Ave & 28th St,41.84358,-87.645368,35.0,37.0,446421.3356353483,4632610.630183887,9
208,Laflin St & Cullerton St,41.85491458,-87.66355991,0.0,0.0,444920.7538858133,4633880.580891402,0
209,Normal Ave & Archer Ave,41.849527,-87.640591,41.0,35.0,446822.8507345403,4633267.936589204,9
210,Ashland Ave & Division St,41.90345,-87.667747,77.0,68.0,444615.1264386454,4639272.034056858,0
211,St. Clair St & Erie St,41.894448,-87.622663,334.0,257.0,448347.2869900941,4638244.438376569,0
212,Wells St & Hubbard St,41.889906,-87.634266,2.0,1.0,447381.03360726975,4637747.201732545,0
213,Leavitt St & North Ave,41.910153,-87.68229,64.0,63.0,443414.8012389689,4640025.7458689185,0
214,Damen Ave & Grand Ave,41.89122,-87.67686,189.0,145.0,443848.5512266888,4637920.088927336,0
215,Damen Ave & Madison St,41.88137,-87.67493,83.0,67.0,444000.0608882076,4636825.206838779,4
216,California Ave & Division St,41.903029,-87.697474,55.0,60.0,442149.08966296737,4639244.911380481,10
217,Elizabeth (May) St & Fulton St,41.88661649,-87.65803993,81.0,93.0,445405.9284859793,4637396.827765285,0
218,Wells St & 19th St,41.856802,-87.633879,129.0,128.0,447385.9966952949,4634071.52169087,0
219,Damen Ave & Cortland St,41.915983,-87.677335,3.0,3.0,443830.8543537966,4640669.782192523,0
220,Clark St & Drummond Pl,41.931248,-87.644336,5.0,4.0,446580.10013728414,4642343.5409408985,0
222,Milwaukee Ave & Rockwell St,41.920195,-87.693033,12.0,6.0,442532.84354648576,4641147.833146531,0
223,Clifton Ave & Armitage Ave,41.918216,-87.656936,5.0,9.0,445524.3831484965,4640904.54893164,0
224,Halsted St & Willow St,41.913865,-87.648755,10.0,9.0,446199.13151398726,4640416.301736151,0
225,Halsted St & Dickens Ave,41.919936,-87.64883,13.0,18.0,446198.0113088292,4641090.399899822,0
226,Racine Ave & Belmont Ave,41.939743,-87.658865,7.0,4.0,445382.7887380394,4643295.881768576,0
227,Southport Ave & Waveland Ave,41.94815,-87.66394,11.0,12.0,444969.3200063891,4644232.54491404,0
228,Damen Ave & Melrose Ave,41.9406,-87.6785,10.0,14.0,443755.8726022016,4643403.729796931,6
229,Southport Ave & Roscoe St,41.943739,-87.66402,10.0,7.0,444958.89510145545,4643742.849067265,0
230,Lincoln Ave & Roscoe St,41.94334,-87.67097,104.0,98.0,444382.4548891148,4643703.034823359,0
231,Sheridan Rd & Montrose Ave,41.96167,-87.65464,119.0,133.0,445751.62114713935,4645727.724420846,0
232,Pine Grove Ave & Waveland Ave,41.949275,-87.646303,114.0,116.0,446432.1117949922,4644346.278466303,0
233,Sangamon St & Washington Blvd,41.883165,-87.6511,30.0,33.0,445978.7927973788,4637009.225809577,0
234,Clark St & Montrose Ave,41.961588,-87.666036,30.0,29.0,444807.1878236027,4645725.897676139,0
236,Sedgwick St & Schiller St,41.907626,-87.638566,16.0,16.0,447038.946008842,4639717.257487028,0
237,MLK Jr Dr & 29th St,41.842052,-87.617,17.0,21.0,448775.24804173864,4632423.673265156,5
238,Wolcott (Ravenswood) Ave & Montrose Ave,41.961406,-87.676169,36.0,37.0,443967.32668876427,4645712.266965168,0
239,Western Ave & Leland Ave,41.96649453,-87.68841863,10.0,13.0,442956.7602081242,4646285.32434455,0
240,Sheridan Rd & Irving Park Rd,41.954245,-87.654406,42.0,37.0,445764.7166992138,4644903.187309077,0
241,Morgan St & Polk St,41.871737,-87.65103,66.0,57.0,445974.97625541873,4635740.362101089,0
242,Damen Ave & Leland Ave,41.967094,-87.679028,0.0,0.0,443735.4111552615,4646345.673442589,0
243,Lincoln Ave & Sunnyside Ave,41.963004,-87.684781,15.0,19.0,443255.08302777907,4645895.358725433,0
244,Ravenswood Ave & Irving Park Rd,41.95469,-87.67393,47.0,41.0,444147.0044335997,4644965.135366301,0
245,Clarendon Ave & Junior Ter,41.961004,-87.649603,42.0,43.0,446168.4660888149,4645650.602529257,0
246,Ashland Ave & Belle Plaine Ave,41.956057,-87.668835,52.0,62.0,444570.4471096201,4645113.603675061,0
247,Shore Dr & 55th St,41.795212,-87.580715,40.0,39.0,451752.5776833821,4627202.2116476735,11
248,Woodlawn Ave & 55th St,41.795264,-87.596471,67.0,70.0,450443.5599990184,4627216.947852441,3
249,Montrose Harbor,41.963982,-87.638181,8.0,8.0,447117.4553401994,4645974.133973005,-1
250,Ashland Ave & Wellington Ave,41.936083,-87.669807,27.0,71.0,444472.5622330305,4642896.546977769,0
251,Clarendon Ave & Leland Ave,41.967968,-87.650001,52.0,63.0,446141.34998881153,4646424.058144817,0
252,Greenwood Ave & 47th St,41.809835,-87.599383,38.0,39.0,450212.9032390474,4628836.3862840235,12
253,Winthrop Ave & Lawrence Ave,41.968812,-87.657659,57.0,60.0,445507.5295436659,4646522.609049603,0
254,Pine Grove Ave & Irving Park Rd,41.954383,-87.648043,50.0,43.0,446292.182106806,4644914.501983414,0
255,Indiana Ave & Roosevelt Rd,41.867888,-87.623041,21.0,21.0,448294.5219789419,4635295.781587556,0
256,Broadway & Sheridan Rd,41.952833,-87.649993,0.0,0.0,446129.26608950295,4644743.631367568,0
257,Lincoln Ave & Waveland Ave,41.948797,-87.675278,29.0,30.0,444030.1309516505,4644311.722355148,0
258,Logan Blvd & Elston Ave,41.929465,-87.684158,42.0,46.0,443276.9853362753,4642171.155797349,6
259,California Ave & Francis Pl (Temp),41.91849115,-87.6974228,18.0,22.0,442167.2954475752,4640961.608820589,0
260,Kedzie Ave & Milwaukee Ave,41.929567,-87.707857,20.0,30.0,441312.2022187475,4642198.430833286,-1
261,Hermitage Ave & Polk St,41.871514,-87.669886,62.0,62.0,444410.0303656541,4635727.642752878,4
262,Halsted St & 37th St,41.827059,-87.64572,60.0,57.0,446378.3236367832,4630776.581849079,13
263,Rhodes Ave & 32nd St,41.836208,-87.613533,24.0,26.0,449058.4528537788,4631772.772726179,5
264,Stetson Ave & South Water St,41.886835,-87.62232,22.0,19.0,448369.6101968276,4637398.979927081,0
265,Cottage Grove Ave & Oakwood Blvd,41.822985,-87.6071,19.0,24.0,449582.21122655866,4630300.877506155,-1
267,Lake Park Ave & 47th St,41.809443,-87.591875,25.0,25.0,450836.2498828765,4628788.541886861,3
268,Lake Shore Dr & North Blvd,41.911722,-87.626804,12.0,19.0,448017.7842300893,4640164.832184629,0
270,Stony Island Ave & 75th St,41.75866967,-87.58688287,31.0,35.0,451212.4440640394,4623148.57246806,-1
271,Cottage Grove Ave & 43rd St,41.816499,-87.606582,17.0,18.0,449620.1460882106,4629580.4586526705,-1
272,Indiana Ave & 31st St,41.838842,-87.621857,126.0,133.0,448369.42665741936,4632070.186451481,5
273,Michigan Ave & 18th St,41.857813,-87.62455,18.0,27.0,448161.153741598,4634178.095301086,0
274,Racine Ave & 15th St,41.861267,-87.656625,14.0,17.0,445501.7874789552,4634581.445218176,0
275,Ashland Ave & 13th St,41.865234,-87.666507,8.0,11.0,444685.0218068624,4635028.209544748,4
276,California Ave & North Ave,41.91044,-87.6972,17.0,24.0,442178.50419784465,4640067.554750705,-1
277,Ashland Ave & Grand Ave,41.891072,-87.666611,48.0,52.0,444698.6718980563,4637897.000516244,0
278,Wallace St & 35th St,41.830629,-87.64129,102.0,102.0,446749.15879478,4631170.190297594,13
279,Halsted St & 35th St,41.830661,-87.647172,42.0,39.0,446260.75920223,4631177.40597604,13
280,Morgan St & 31st St,41.8378,-87.65114,19.0,20.0,445937.274895065,4631972.513595229,9
281,Western Ave & 24th St,41.84847,-87.685109,14.0,14.0,443126.33877204754,4633179.106867783,-1
282,Halsted St & Maxwell St,41.864883,-87.647071,21.0,16.0,446297.7750121448,4634976.89826567,0
283,LaSalle St & Jackson Blvd,41.878166,-87.631929,46.0,31.0,447565.3146552137,4636442.310162104,0
284,Michigan Ave & Jackson Blvd,41.87785,-87.62408,28.0,32.0,448216.3378657108,4636402.460074355,0
285,Wood St & Hubbard St,41.889899,-87.671473,9.0,7.0,444294.30444356665,4637769.910192965,0
286,Franklin St & Adams St (Temp),41.87943409,-87.63550401,12.0,7.0,447269.7172396564,4636585.293015157,0
287,Franklin St & Monroe St,41.880317,-87.635185,53.0,55.0,447296.91238488385,4636683.124159296,0
288,Larrabee St & Armitage Ave,41.918084,-87.643749,7.0,10.0,446617.7941191349,4640881.600705802,0
289,Wells St & Concord Ln,41.912133,-87.634656,0.0,0.0,447366.9355882148,4640215.253267921,0
290,Kedzie Ave & Palmer Ct,41.921525,-87.707322,10.0,8.0,441349.1934144019,4641305.174917982,0
291,Wells St & Evergreen Ave,41.906724,-87.63483,323.0,467.0,447348.0606527193,4639614.81044934,0
292,Southport Ave & Clark St,41.957081,-87.664199,0.0,0.0,444955.53765490104,4645224.308934302,0
293,Broadway & Wilson Ave,41.965221,-87.658139,1.0,1.0,445464.69473550946,4646124.209309689,0
294,Broadway & Berwyn Ave,41.978353,-87.659753,6.0,2.0,445342.18181029666,4647583.2719888,0
295,Broadway & Argyle St,41.973815,-87.65966,12.0,17.0,445346.00654761895,4647079.362230713,0
296,Broadway & Belmont Ave,41.940106,-87.645451,47.0,60.0,446495.06305022986,4643327.725580287,0
297,Paulina St & Montrose Ave,41.961507,-87.671387,12.0,9.0,444363.69059036067,4645720.364883517,0
298,Lincoln Ave & Belle Plaine Ave,41.95602,-87.680293,11.0,12.0,443620.8304968495,4645116.970325404,0
299,Halsted St & Roscoe St,41.94367,-87.64895,15.0,14.0,446208.0063196685,4643725.621018939,0
300,Broadway & Barry Ave,41.937725,-87.644095,36.0,30.0,446605.4835087432,4643062.521409979,0
301,Clark St & Schiller St,41.907993,-87.631501,7.0,8.0,447625.2019001939,4639753.666698722,0
302,Sheffield Ave & Wrightwood Ave,41.928712,-87.653833,4.0,6.0,445790.5824466144,4642067.934060085,0
303,Broadway & Cornelia Ave,41.945529,-87.646439,7.0,7.0,446417.702729831,4643930.450343164,0
304,Broadway & Waveland Ave,41.949074,-87.648636,4.0,3.0,446238.5746827186,4644325.422486814,0
305,Western Ave & Division St,41.902893,-87.687275,26.0,30.0,442994.9135817815,4639222.9838848,0
306,Sheridan Rd & Buena Ave,41.958494,-87.654966,157.0,141.0,445721.9109217924,4645375.303195711,0
307,Southport Ave & Clybourn Ave,41.920771,-87.663712,71.0,73.0,444964.6843703928,4641192.552175233,0
308,Seeley Ave & Roscoe St,41.943403,-87.679618,23.0,21.0,443665.663153029,4643715.6770510245,6
309,Leavitt St & Armitage Ave,41.917805,-87.682437,49.0,47.0,443409.36995563115,4640875.429477857,0
310,Damen Ave & Charleston St,41.920082,-87.677855,202.0,181.0,443791.3294638939,4641125.227128905,0
311,Leavitt St & Lawrence Ave,41.968885,-87.684001,40.0,42.0,443324.93142094347,4646547.804276795,0
312,Clarendon Ave & Gordon Ter,41.957879,-87.649519,113.0,101.0,446172.7971403859,4645303.584644833,0
313,Lakeview Ave & Fullerton Pkwy,41.925858,-87.638973,23.0,22.0,447020.27212225215,4641741.7712503625,0
314,Ravenswood Ave & Berteau Ave,41.957921,-87.673567,89.0,83.0,444179.9084133755,4645323.633015046,0
315,Elston Ave & Wabansia Ave,41.912919,-87.664169,8.0,7.0,444920.03805570176,4640321.053264889,0
316,Damen Ave & Sunnyside Ave,41.96325,-87.679258,45.0,47.0,443712.9696179474,4645919.028960308,0
317,Wood St & Taylor St,41.869154,-87.671045,31.0,36.0,444311.80279852526,4635466.369844285,4
318,Southport Ave & Irving Park Rd,41.954177,-87.664358,32.0,36.0,444939.861124482,4644901.983442897,0
319,Greenview Ave & Diversey Pkwy,41.93258963,-87.66593635,65.0,80.0,444790.4304528235,4642506.183903126,0
320,Loomis St & Lexington St,41.872187,-87.661501,13.0,18.0,445106.4323744278,4635796.967715771,0
321,Wabash Ave & 9th St,41.870769,-87.625734,22.0,30.0,448073.36358392175,4635617.276091592,0
322,Kimbark Ave & 53rd St,41.799568,-87.594747,59.0,67.0,450590.1013455714,4627693.809652125,3
323,Sheridan Rd & Lawrence Ave,41.969517,-87.654691,93.0,95.0,445754.0521183531,4646599.001018198,0
324,Stockton Dr & Wrightwood Ave,41.93132,-87.638742,69.0,60.0,447043.9429893283,4642348.064690904,0
325,Clark St & Winnemac Ave,41.97334,-87.66778,58.0,55.0,444672.8358830829,4647031.835715447,14
326,Clark St & Leland Ave,41.967096,-87.667429,65.0,82.0,444696.5163632656,4646338.343468236,-1
327,Sheffield Ave & Webster Ave,41.92154,-87.653818,55.0,61.0,445785.7544584603,4641271.630395856,0
328,Ellis Ave & 58th St,41.788746,-87.601334,20.0,28.0,450034.4652554111,4626496.098347426,3
329,Lake Shore Dr & Diversey Pkwy,41.932588,-87.636427,28.0,22.0,447236.9181422772,4642487.421272515,0
330,Lincoln Ave & Addison St,41.946176,-87.673308,48.0,52.0,444191.12758901855,4644019.431628089,0
331,Halsted St & Clybourn Ave,41.909668,-87.648128,21.0,20.0,446247.6072618776,4639949.924428933,0
332,Burling St (Halsted) & Diversey Pkwy (Temp),41.93314,-87.64776,19.0,16.0,446297.81270030176,4642555.745543747,0
333,Ashland Ave & Blackhawk St,41.907066,-87.667252,27.0,28.0,444659.3062879243,4639673.191265205,0
334,Lake Shore Dr & Belmont Ave,41.940775,-87.639192,17.0,13.0,447014.4617395081,4643398.115921124,0
335,Calumet Ave & 35th St,41.831379,-87.618034,38.0,39.0,448680.8764944132,4631239.305598442,5
336,Cottage Grove Ave & 47th St,41.809855,-87.606755,103.0,125.0,449600.5691819952,4628842.903795134,-1
337,Clark St & Chicago Ave,41.89675,-87.63089,7.0,9.0,447666.6964803382,4638505.009376511,0
338,Calumet Ave & 18th St,41.857611,-87.619407,13.0,18.0,448587.8726614329,4634152.575543171,0
339,Emerald Ave & 31st St,41.838198,-87.645143,12.0,14.0,446435.52691315854,4632012.944918597,9
340,Clark St & Wrightwood Ave,41.929546,-87.643118,35.0,27.0,446679.6637661676,4642153.812658787,0
341,Adler Planetarium,41.866095,-87.607267,20.0,21.0,449602.1859525496,4635087.329481969,-1
342,Wolcott Ave & Polk St,41.871262,-87.673688,24.0,24.0,444094.3031479716,4635702.13314925,4
343,Racine Ave & Wrightwood Ave,41.928887,-87.658971,58.0,60.0,445364.73718537384,4642090.625230807,0
344,Ravenswood Ave & Lawrence Ave,41.96909,-87.674237,63.0,76.0,444134.14172731055,4646564.152289047,0
345,Lake Park Ave & 56th St,41.793242,-87.587782,30.0,30.0,451163.93383491057,4626987.48178204,11
346,Ada St & Washington Blvd,41.88283,-87.661206,21.0,26.0,445140.01600911387,4636978.442617316,0
347,Ashland Ave & Grace St,41.950687,-87.6687,53.0,55.0,444576.9830810834,4644517.291883186,0
348,California Ave & 21st St,41.85380407,-87.6957424,44.0,47.0,442248.41085097205,4633778.428995716,15
349,Halsted St & Wrightwood Ave,41.929143,-87.649077,36.0,41.0,446185.2674064851,4642112.791232321,0
350,Ashland Ave & Chicago Ave,41.895966,-87.667747,70.0,63.0,444608.6588932235,4638441.102467694,0
351,Cottage Grove Ave & 51st St,41.803038,-87.606615,24.0,24.0,449606.85622338805,4628085.958797839,-1
352,Jeffery Blvd & 67th St,41.77351755,-87.57714283,83.0,84.0,452033.19747699535,4624791.579865356,-1
353,Clark St & Touhy Ave,42.01256012,-87.67436712,9.0,10.0,444161.3666088752,4651390.702750577,16
354,Sheridan Rd & Greenleaf Ave,42.01058656,-87.66241209,88.0,96.0,445149.5705778027,4651163.849445734,16
355,South Shore Dr & 67th St,41.773643,-87.567514,51.0,53.0,452833.5521741791,4624800.18238688,-1
356,Stony Island Ave & 71st St,41.76649294,-87.58646088,40.0,41.0,451253.4458931259,4624016.911129885,-1
359,Larrabee St & Division St,41.90348607,-87.64335349,73.0,73.0,446638.43449036946,4639260.577217582,0
364,Larrabee St & Oak St,41.90021949,-87.64298547,6.0,4.0,446666.24090862565,4638897.667432757,0
365,Halsted St & North Branch St,41.89936844,-87.64847988,3.0,5.0,446209.7793392238,4638806.6076951055,0
366,Loomis St & Archer Ave,41.84163254,-87.65743495,44.0,48.0,445417.8734732891,4632402.0086380085,-1
367,Racine Ave & 35th St,41.83069611,-87.65597591,51.0,50.0,445529.7348617046,4631186.84897202,-1
368,Ashland Ave & Archer Ave,41.83920868,-87.66560986,18.0,17.0,444737.0801817595,4632138.123258503,-1
369,Wood St & 35th St,41.83010465,-87.67029831,56.0,73.0,444339.9274545338,4631130.361890143,-1
370,Calumet Ave & 21st St,41.85418425,-87.61915374,99.0,92.0,448606.1504285942,4633771.962902954,0
373,Kedzie Ave & Chicago Ave,41.8954653,-87.70612788,40.0,40.0,441424.3907963976,4638411.002418089,-1
374,Western Ave & Walton St,41.89841769,-87.68659602,28.0,30.0,443047.2542039038,4638725.649075227,0
375,Sacramento Blvd & Franklin Blvd,41.89046879,-87.70260751,75.0,72.0,441711.8758345183,4637853.853951003,-1
376,Artesian Ave & Hubbard St,41.88949182,-87.68821936,24.0,24.0,442904.6491672933,4637735.709370065,-1
377,Kedzie Ave & Lake St,41.88460329,-87.70630374,47.0,45.0,441399.8756068725,4637205.139037462,-1
378,California Ave & Lake St,41.88445396,-87.69629814,19.0,18.0,442229.8833909896,4637181.77517597,-1
381,Western Ave & Monroe St,41.87978771,-87.68611281,2.0,2.0,443070.79728093353,4636656.88679303,17
382,Western Ave & Congress Pkwy,41.87474885,-87.68644528,56.0,49.0,443038.7364511315,4636097.656083701,17
383,Paulina St & Flournoy St,41.87295,-87.66913,40.0,25.0,444474.0096221473,4635886.588506888,4
384,Halsted St & 51st St,41.80183164,-87.6452139,3.0,6.0,446399.321198695,4627975.371968875,-1
385,Princeton Ave & Garfield Blvd,41.794982,-87.633124,1.0,3.0,447398.0843671311,4627207.4172038445,-1
386,Halsted St & 56th St,41.79292965,-87.64499006,1.0,1.0,446410.5008230124,4626986.882537867,18
388,Halsted St & 63rd St,41.77938114,-87.64462081,3.0,6.0,446429.90274991107,4625482.422245023,-1
390,Wentworth Ave & 63rd St,41.78007963,-87.62974631,2.0,1.0,447666.5960203056,4625550.812899739,-1
391,Halsted St & 69th St,41.76906172,-87.64461358,0.0,0.0,446421.91592463775,4624336.701268584,-1
392,Perry Ave & 69th St,41.76929309,-87.62819593,0.0,0.0,447786.6890124561,4624352.292247681,-1
393,Calumet Ave & 71st St,41.76550801,-87.61691793,0.0,0.0,448721.0645119271,4623925.268365086,19
394,Clark St & 9th St (AMLI),41.870816,-87.631246,34.0,40.0,447615.9857073521,4635625.843443952,0
395,Jeffery Blvd & 76th St,41.75712007,-87.57583936,0.0,0.0,452129.34272906743,4622970.324382166,-1
396,Yates Blvd & 75th St,41.758768,-87.56644,0.0,0.0,452911.93761552,4623148.097932779,-1
398,Rainbow Beach,41.75787145,-87.54938625,0.0,0.0,454328.98240233335,4623039.364624962,-1
399,South Shore Dr & 74th St,41.76218896,-87.55927465,0.0,0.0,453510.06343109766,4623524.012144093,-1
400,Cottage Grove Ave & 71st St,41.76571904,-87.60495971,46.0,33.0,449715.2147225557,4623941.638044402,19
401,Shields Ave & 28th Pl,41.842733,-87.635491,5.0,5.0,447240.63540239574,4632510.4760622,5
402,Shields Ave & 31st St,41.838464,-87.635406,5.0,6.0,447244.1858288622,4632036.451608032,5
403,Wentworth Ave & 33rd St,41.83452989,-87.63182298,4.0,5.0,447538.461486795,4631597.466871769,5
405,Wentworth Ave & 35th St,41.830777,-87.632504,3.0,3.0,447478.84681203886,4631181.213273848,5
406,Lake Park Ave & 35th St,41.83127424,-87.60879919,3.0,3.0,449447.6197996296,4631222.198862847,-1
407,State St & Pershing Rd,41.82301524,-87.62656802,22.0,23.0,447965.4693428272,4630315.842096227,7
408,Union Ave & Root St,41.819102,-87.643278,0.0,0.0,446574.4980555498,4629891.625002909,-1
409,Shields Ave & 43rd St,41.81620768,-87.63481935,0.0,0.0,447274.6347856495,4629565.055231581,-1
410,Prairie Ave & 43rd St,41.81665889,-87.61941246,5.0,3.0,448554.6316227733,4629605.8125576945,7
411,Halsted St & 47th Pl,41.80813391,-87.64561655,29.0,28.0,446371.1271789315,4628675.338144775,-1
412,Princeton Ave & 47th St,41.80931771,-87.63344929,1.0,1.0,447382.787908112,4628799.249758459,-1
413,Woodlawn Ave & Lake Park Ave,41.81409271,-87.59700515,41.0,19.0,450413.7015059266,4629307.727518383,12
414,Canal St & Taylor St,41.870257,-87.639474,3.0,3.0,446932.71879477706,4635568.833257324,0
415,Calumet Ave & 51st St,41.80229465,-87.61805358,5.0,5.0,448656.024951179,4628010.197384254,-1
416,Dorchester Ave & 49th St,41.805772,-87.592464,0.0,0.0,450784.5151166694,4628381.303309106,3
417,Cornell Ave & Hyde Park Blvd,41.802406,-87.586924,0.0,0.0,451242.1681511717,4628004.433274087,3
418,Ellis Ave & 53rd St,41.79933626,-87.60095811,6.0,7.0,450073.9178779971,4627671.6694361605,3
419,Lake Park Ave & 53rd St,41.79949429,-87.5864499,16.0,13.0,451279.34786649985,4627680.8899438605,3
420,Ellis Ave & 55th St,41.79430062,-87.60144977,37.0,36.0,450029.16014184954,4627112.870128238,3
421,MLK Jr Dr & 56th St,41.79342946,-87.61585326,0.0,0.0,448831.76282053586,4627024.62179151,8
422,DuSable Museum,41.79156801,-87.60785218,3.0,4.0,449495.0750579952,4626813.222004992,-1
423,University Ave & 57th St,41.791478,-87.599861,4.0,4.0,450158.97536892246,4626798.564952679,3
424,Museum of Science and Industry,41.79172821,-87.58394501,0.0,0.0,451481.5911153875,4626817.239964121,11
425,Harper Ave & 59th St,41.78794281,-87.58831517,6.0,6.0,451115.6090240111,4626399.439800242,11
426,Ellis Ave & 60th St,41.78509715,-87.60107276,0.0,0.0,450053.33997413085,4626090.831468631,3
427,Cottage Grove Ave & 63rd St,41.78059901,-87.60611239,0.0,0.0,449631.0455085838,4625594.3636629395,-1
428,Dorchester Ave & 63rd St,41.78040565,-87.59141599,0.0,0.0,450852.1983222585,4625564.391715685,2
429,Cottage Grove Ave & 67th St,41.77372095,-87.60563486,0.0,1.0,449665.3512324488,4624830.445796514,-1
430,MLK Jr Dr & 63rd St,41.78008064,-87.61594286,0.0,0.0,448813.70118533896,4625542.6164021725,20
431,Eberhart Ave & 61st St,41.78414169,-87.61330783,27.0,27.0,449035.89522761,4625991.930755138,20
432,Clark St & Lunt Ave,42.009074,-87.67419,0.0,0.0,444172.9841446919,4651003.523742898,16
433,Kedzie Ave & Harrison St,41.87359967,-87.70487075,0.0,0.0,441508.7337945443,4635982.457738932,-1
434,Ogden Ave & Roosevelt Rd,41.86650148,-87.68469707,0.0,0.0,443176.49976859696,4635180.814776599,-1
435,Kedzie Ave & Roosevelt Rd,41.86649278,-87.70649618,1.0,1.0,441367.3580291913,4635194.508078856,-1
436,Fairfield Ave & Roosevelt Rd,41.866624,-87.694521,4.0,6.0,442361.3104269149,4635200.967247522,21
437,Washtenaw Ave & Ogden Ave,41.86193049,-87.69345045,0.0,0.0,442445.9471898445,4634679.142078672,21
438,Central Park Ave & Ogden Ave,41.85420431,-87.71540584,2.0,3.0,440616.56576600054,4633836.278530527,-1
439,Kedzie Ave & 21st St,41.85353363,-87.70507303,13.0,15.0,441473.6510210809,4633754.720521908,15
440,Central Park Ave & 24th St,41.8481,-87.715068,13.0,18.0,440638.96515283664,4633158.302127469,22
441,Kedzie Ave & 24th St,41.84819094,-87.70541375,0.0,0.0,441440.49568931106,4633161.77050025,15
442,California Ave & 23rd Pl,41.84910969,-87.69513981,20.0,18.0,442294.21115681314,4633256.821495413,15
443,Millard Ave & 26th St,41.84456685,-87.71591031,3.0,7.0,440565.77066464,4632766.610226113,22
444,Albany Ave & 26th St,41.84447501,-87.70201301,0.0,0.0,441719.4351758746,4632746.889247212,15
445,California Ave & 26th St,41.84404003,-87.69529592,1.0,2.0,442276.69476790144,4632694.058324514,15
446,Western Ave & 28th St,41.84151771,-87.68513144,0.0,0.0,443118.31806462584,4632407.23166928,-1
447,Glenwood Ave & Morse Ave,42.00797192,-87.66550239,3.0,3.0,444891.4231140911,4650875.531095736,16
448,Warren Park East,42.00454962,-87.68066615,2.0,1.0,443632.7231118744,4650505.4261987265,-1
449,Clark St & Columbia Ave,42.00445063,-87.6724024,0.0,0.0,444316.9772340818,4650489.027709484,16
450,Warren Park West,42.001785,-87.688829,8.0,6.0,442954.2687376008,4650203.877558955,-1
451,Sheridan Rd & Loyola Ave,42.00104378,-87.66119824,39.0,32.0,445241.8999827629,4650103.539891153,16
452,Western Ave & Granville Ave,41.99416137,-87.68943828,8.0,4.0,442896.9952827962,4649357.834544928,23
453,Clark St & Schreiber Ave,41.99925182,-87.67137734,1.0,3.0,444397.33877114014,4649911.139209197,16
454,Broadway & Granville Ave,41.99477969,-87.66028453,15.0,17.0,445312.2074458931,4649407.456535821,24
455,Maplewood Ave & Peterson Ave,41.99023603,-87.69336964,19.0,22.0,442567.84832613304,4648924.6347894175,23
456,2112 W Peterson Ave,41.991178,-87.683593,29.0,24.0,443378.4912508993,4649022.710959619,23
457,Clark St & Elmdale Ave,41.99051756,-87.6698336,36.0,27.0,444517.60435712646,4648940.376799599,-1
458,Broadway & Thorndale Ave,41.98974251,-87.66014062,0.0,0.0,445319.8155232903,4648848.0891062375,24
459,Lakefront Trail & Bryn Mawr Ave,41.9840367,-87.65231047,8.0,8.0,445963.5735028075,4648209.606808039,-1
460,Clark St & Bryn Mawr Ave,41.983593,-87.669154,38.0,39.0,444567.8890088238,4648171.10689893,-1
461,Broadway & Ridge Ave,41.98404461,-87.66027383,26.0,36.0,445303.90429833217,4648215.53981346,-1
462,Winchester (Ravenswood) Ave & Balmoral Ave,41.979762,-87.67753,10.0,7.0,443870.66072140017,4647751.208348695,25
463,Clark St & Berwyn Ave,41.97799665,-87.6680471,16.0,16.0,444654.7379084073,4647549.032342996,14
464,Damen Ave & Foster Ave,41.9756148,-87.67945904,1.0,4.0,443707.1980191627,4647292.013676097,25
465,Marine Dr & Ainslie St,41.9716,-87.650154,1.0,3.0,446131.7326616879,4646827.4117988,0
466,Ridge Blvd & Touhy Ave,42.01213228,-87.68291264,0.0,0.0,443453.4019281531,4651348.80931723,26
467,Western Ave & Lunt Ave,42.0085944,-87.69049224,2.0,0.0,442822.62356430857,4650961.033468682,26
468,Budlong Woods Library,41.98366471,-87.69642256,0.0,1.0,442309.0392641772,4648197.076451958,-1
469,St. Louis Ave & Balmoral Ave,41.98039423,-87.71611496,16.0,21.0,440674.6952876305,4647847.408656746,-1
470,Kedzie Ave & Foster Ave,41.975672,-87.709261,2.0,2.0,441238.1616010584,4647318.378176377,-1
471,Francisco Ave & Foster Ave,41.97563273,-87.70141944,11.0,12.0,441887.797836461,4647308.668741309,-1
472,Lincoln Ave & Winona St,41.9749113,-87.69250256,1.0,3.0,442625.91264574655,4647222.558312917,-1
474,Christiana Ave & Lawrence Ave,41.96835449,-87.71183067,3.0,3.0,441018.51408940874,4646507.68656127,27
475,Washtenaw Ave & Lawrence Ave,41.968987,-87.696027,5.0,5.0,442328.5658885318,4646567.154598925,0
476,Kedzie Ave & Leland Ave,41.96668636,-87.70805198,1.0,0.0,441330.08317280805,4646319.88105407,27
477,Manor Ave & Leland Ave,41.965875,-87.700825,4.0,2.0,441928.1845555709,4646224.872893391,0
478,Rockwell St & Eastwood Ave,41.96590014,-87.69363849,0.0,0.0,442523.6994516619,4646222.818250325,0
479,Drake Ave & Montrose Ave,41.96115408,-87.71656907,2.0,1.0,440619.20741859346,4645711.5044102,-1
480,Albany Ave & Montrose Ave,41.961041,-87.705866,5.0,6.0,441506.0530701121,4645691.587439817,-1
481,California Ave & Montrose Ave,41.961068,-87.695439,1.0,1.0,442370.15024198464,4645687.519852693,0
482,Campbell Ave & Montrose Ave,41.96152593,-87.69116504,4.0,2.0,442724.7380238583,4645735.497687079,0
483,Avondale Ave & Irving Park Rd,41.953393,-87.732002,0.0,1.0,439332.94001848623,4644860.6096091345,-1
484,Monticello Ave & Irving Park Rd,41.95400484,-87.71912818,4.0,4.0,440400.4761076824,4644919.50824265,-1
485,Sawyer Ave & Irving Park Rd,41.95358618,-87.7093108,19.0,17.0,441213.7355172656,4644866.243957674,-1
486,Oakley Ave & Irving Park Rd,41.95434085,-87.68607962,8.0,4.0,443139.77029911394,4644934.359444438,0
487,California Ave & Byron St,41.95216219,-87.69805111,7.0,7.0,442145.6334194998,4644700.477643498,-1
488,Pulaski Rd & Eddy St (Temp),41.946264,-87.731023,4.0,5.0,439407.3270629888,4644068.392296767,-1
489,Drake Ave & Addison St,41.947326,-87.717582,23.0,22.0,440522.41157412174,4644176.890245849,-1
490,Troy St & Elston Ave,41.94524357,-87.7066499,5.0,6.0,441426.6297570059,4643938.152245187,-1
491,Talman Ave & Addison St,41.94663583,-87.69461476,7.0,8.0,442425.4662712305,4644084.578720262,-1
492,Leavitt St & Addison St,41.946655,-87.683359,19.0,20.0,443358.444256603,4644079.20760868,6
493,Western Ave & Roscoe St,41.943034,-87.687288,1.0,1.0,443029.5560279128,4643679.776774819,6
494,Kedzie Ave & Bryn Mawr Ave,41.98239708,-87.70892252,3.0,4.0,441272.38432453247,4648064.827367772,-1
495,Keystone Ave & Montrose Ave,41.96110802,-87.7289701,15.0,11.0,439591.5068841684,4645715.05867807,28
496,Avers Ave & Belmont Ave,41.939408,-87.723574,24.0,22.0,440018.33399221394,4643301.940335469,-1
497,Kimball Ave & Belmont Ave,41.939398,-87.711561,64.0,70.0,441014.1646110257,4643292.494144638,-1
498,California Ave & Fletcher St,41.93842879,-87.69800776,9.0,10.0,442136.80911526567,4643175.647022233,-1
499,Kosciuszko Park,41.93058537,-87.72377736,15.0,17.0,439993.2061646306,4642322.518775189,-1
500,Central Park Ave & Elbridge Ave,41.93533728,-87.71688929,11.0,16.0,440568.6958546712,4642845.318268026,-1
501,Richmond St & Diversey Ave,41.93190197,-87.70119513,38.0,34.0,441866.65520639095,4642453.140331082,-1
502,California Ave & Altgeld St,41.92669,-87.697668,19.0,19.0,442154.36865878856,4641872.078182452,0
503,Drake Ave & Fullerton Ave,41.92439882,-87.71544104,38.0,39.0,440678.62477214064,4641629.835184533,-1
504,Campbell Ave & Fullerton Ave,41.92463247,-87.68930701,7.0,6.0,442845.76927528327,4641638.027386711,0
505,Winchester Ave & Elston Ave,41.92409085,-87.67646007,8.0,7.0,443910.5107002812,4641569.409111303,0
506,Spaulding Ave & Armitage Ave,41.91710803,-87.71022096,2.0,3.0,441104.75021978625,4640816.753407302,0
507,Humboldt Blvd & Armitage Ave,41.91751339,-87.70180896,6.0,4.0,441802.6895564167,4640856.017112131,0
508,Central Park Ave & North Ave,41.90965688,-87.71663195,3.0,3.0,440566.201789348,4639993.888773883,-1
509,Troy St & North Ave,41.9097693,-87.70528049,7.0,7.0,441507.7418657008,4639998.567155085,0
510,Spaulding Ave & Division St,41.90270659,-87.70921957,10.0,14.0,441174.57001801895,4639217.102554449,-1
511,Albany Ave & Bloomingdale Ave,41.91402671,-87.70512646,0.0,0.0,441524.40246460075,4640471.154125442,0
514,Ridge Blvd & Howard St,42.019276,-87.68452,5.0,7.0,443326.65144186624,4652143.039567771,29
515,Paulina St & Howard St,42.019159,-87.673573,6.0,6.0,444232.88678675634,4652122.85853077,16
517,Clark St & Jarvis Ave,42.015963,-87.675005,9.0,13.0,444111.52826101263,4651768.94063039,16
518,Conservatory Dr & Lake St,41.885502,-87.716866,9.0,7.0,440524.3817898793,4637312.187223443,-1
519,Wolcott Ave & Fargo Ave,42.016977,-87.677725,3.0,9.0,443887.2103897129,4651883.304598004,16
520,Greenview Ave & Jarvis Ave,42.015962,-87.66857,3.0,2.0,444644.3294530726,4651764.648020086,16
522,Bosworth Ave & Howard St,42.019537,-87.669563,5.0,1.0,444565.2165433967,4652162.222932624,16
523,Eastlake Ter & Rogers Ave,42.02088728,-87.66505793,13.0,10.0,444939.3691904815,4652309.236569482,16
524,Austin Blvd & Chicago Ave,41.894887,-87.774704,8.0,11.0,435735.1618548694,4638395.887550483,-1
525,Glenwood Ave & Touhy Ave,42.012701,-87.666058,10.0,10.0,444849.4995240524,4651400.957952269,16
526,Oakley Ave & Touhy Ave,42.012342,-87.688243,7.0,3.0,443012.22191507893,4651375.6293428745,26
527,Western Ave & Howard St,42.018901,-87.690048,5.0,6.0,442868.6346629031,4652105.078401364,29
528,Pulaski Rd & Lake St,41.885409,-87.726491,16.0,17.0,439725.74039937754,4637308.5773907285,30
529,Cicero Ave & Lake St,41.886841,-87.745261,12.0,11.0,438169.83445212734,4637480.923264092,-1
530,Laramie Ave & Kinzie St,41.887832,-87.755527,2.0,2.0,437319.0848036801,4637598.399825433,-1
531,Central Ave & Lake St,41.887664,-87.765469,9.0,8.0,436494.09318620746,4637587.0573356785,-1
532,Austin Blvd & Lake St,41.887919,-87.774446,9.0,11.0,435749.581335011,4637622.05216173,-1
533,Central Park Blvd & 5th Ave,41.875679,-87.71547,11.0,11.0,440631.1109969681,4636220.597531376,-1
534,Karlov Ave & Madison St,41.88085,-87.727907,14.0,16.0,439603.9660324834,4636803.398221587,30
535,Pulaski Rd & Congress Pkwy,41.874325,-87.725704,10.0,16.0,439780.6292283576,4636077.395996054,-1
536,Kostner Ave & Lake St,41.885928,-87.73541,3.0,5.0,438986.2534643499,4637372.5038329605,-1
537,Kenton Ave & Madison St,41.880708,-87.741018,2.0,2.0,438515.9749356811,4636796.942264088,31
538,Cicero Ave & Flournoy St,41.872131,-87.746619,5.0,9.0,438042.9598389444,4635848.687255842,-1
539,Cicero Ave & Quincy St,41.877613,-87.745405,7.0,10.0,438148.9883114053,4636456.464262051,31
540,Laramie Ave & Madison St,41.880207,-87.755337,11.0,17.0,437327.3963492608,4636751.675065084,32
541,Central Ave & Harrison St,41.872993,-87.764499,14.0,6.0,436560.05804227025,4635957.45360099,-1
542,Central Ave & Madison St,41.880121,-87.763238,8.0,4.0,436671.7372091346,4636747.926735162,-1
543,Laramie Ave & Gladys Ave,41.875806,-87.755285,5.0,9.0,437327.4108861733,4636263.004819694,32
544,Austin Blvd & Madison St,41.880281,-87.774453,11.0,10.0,435741.3473840662,4636774.027626699,-1
545,Kostner Ave & Adams St,41.877917,-87.735737,20.0,16.0,438951.4982513673,4636483.294477365,31
546,Damen Ave & Pershing Rd,41.823192,-87.676597,10.0,8.0,443810.8513088763,4630366.97571513,-1
547,Ashland Ave & Pershing Rd,41.823465,-87.665577,18.0,19.0,444726.26543330855,4630390.137628931,-1
548,Morgan St & Pershing Rd,41.823613,-87.650931,17.0,17.0,445942.6926000124,4630397.250885245,13
549,Marshfield Ave & 44th St,41.813996,-87.666589,14.0,22.0,444634.06634210976,4629339.482233486,33
550,Central Ave & Chicago Ave,41.894958,-87.764902,3.0,9.0,436548.3531369507,4638396.4749012515,-1
551,Hoyne Ave & 47th St,41.808227,-87.67718,7.0,13.0,443749.341251137,4628705.850752648,34
552,Ashland Ave & McDowell Ave,41.80887,-87.66454,3.0,3.0,444799.8533474981,4628769.044628548,33
553,Elizabeth St & 47th St,41.80839,-87.656526,22.0,21.0,445465.13405512506,4628710.635836996,-1
554,Damen Ave & 51st St,41.800908,-87.674684,0.0,0.0,443950.2964362333,4627891.621279958,-1
555,Ashland Ave & 50th St,41.803023,-87.664699,0.0,0.0,444781.625364464,4628119.978119946,-1
556,Throop St & 52nd St,41.799659,-87.657195,0.0,1.0,445402.1507673022,4627741.693609244,-1
557,Seeley Ave & Garfield Blvd,41.794087,-87.675478,7.0,7.0,443878.3832751801,4627134.832343792,-1
558,Ashland Ave & Garfield Blvd,41.792822,-87.664429,0.0,0.0,444795.30093429267,4626987.230700676,-1
559,Racine Ave & Garfield Blvd,41.794228,-87.655073,3.0,4.0,445573.846234828,4627137.3671577675,-1
560,Marshfield Ave & 59th St,41.786833,-87.666215,3.0,6.0,444641.7561375054,4626323.446614985,-1
561,Damen Ave & 59th St,41.78602,-87.674167,1.0,2.0,443980.2841262292,4626238.333345076,-1
562,Racine Ave & 61st St,41.783189,-87.654372,6.0,5.0,445622.7602465165,4625911.3122121915,35
563,Ashland Ave & 63rd St,41.779374,-87.664843,0.0,0.0,444749.3580195458,4625494.424952171,36
564,Racine Ave & 65th St,41.775393,-87.654308,3.0,1.0,445621.4926175401,4625045.717728107,-1
565,Ashland Ave & 66th St,41.774074,-87.663815,8.0,8.0,444830.2464433303,4624905.330474216,36
566,Ashland Ave & 69th St,41.768726,-87.664069,0.0,0.0,444804.5517540924,4624311.730287802,36
567,May St & 69th St,41.768938,-87.652934,5.0,3.0,445730.243283396,4624328.181780664,-1
568,Vincennes Ave & 75th St,41.75797,-87.63121,2.0,2.0,447526.94453098945,4623096.97984866,37
569,Woodlawn Ave & 75th St,41.75916,-87.595751,3.0,5.0,450475.61064153747,4623208.078576189,-1
570,Evans Ave & 75th St,41.75849,-87.60641,1.0,1.0,449589.0068454288,4623139.883081307,-1
571,Vernon Ave & 75th St,41.758361,-87.614138,1.0,1.0,448946.47149566567,4623130.11825521,-1
572,State St & 76th St,41.756971,-87.624621,0.0,0.0,448073.8912401629,4622982.067947491,37
573,State St & 79th St,41.750794,-87.624424,0.0,0.0,448085.29096108576,4622296.148632409,-1
574,Vernon Ave & 79th St,41.75094,-87.61379,3.0,2.0,448969.5229509631,4622305.996544718,-1
575,Cottage Grove Ave & 78th St,41.753174,-87.605026,4.0,5.0,449699.90887336707,4622548.865003659,-1
576,Greenwood Ave & 79th St,41.751294,-87.597552,1.0,1.0,450319.82832423435,4622335.795881788,-1
577,Stony Island Ave & South Chicago Ave,41.751173,-87.585337,0.0,0.0,451335.2899794235,4622315.380895025,38
578,Bennett Ave & 79th St,41.751785,-87.578496,0.0,0.0,451904.50737616577,4622379.481291244,38
579,Phillips Ave & 79th St,41.75182,-87.565211,0.0,0.0,453009.0367119038,4622376.0261396095,-1
580,Exchange Ave & 79th St,41.751731,-87.552812,0.0,0.0,454039.8149097755,4622359.447389474,-1
581,Commercial Ave & 83rd St,41.744615,-87.551208,0.0,0.0,454168.1091136184,4621568.541032968,-1
582,Phillips Ave & 83rd St,41.744531,-87.56506,0.0,1.0,453016.2763104989,4621566.68543311,-1
583,Stony Island Ave & 82nd St,41.746559,-87.586005,1.0,1.0,451276.2636555768,4621803.491193573,38
584,Ellis Ave & 83rd St,41.744123,-87.599034,1.0,0.0,450191.0723735888,4621540.494834023,39
585,Cottage Grove Ave & 83rd St,41.743441,-87.604836,0.0,0.0,449708.10906831303,4621468.150682911,39
586,MLK Jr Dr & 83rd St,41.743116,-87.6148,2.0,1.0,448879.344698045,4621437.9389454415,-1
587,Wabash Ave & 83rd St,41.743316,-87.622849,0.0,0.0,448210.2275791866,4621464.956772114,-1
588,South Chicago Ave & 83rd St,41.743921,-87.575225,0.0,0.0,452170.6188587804,4621504.56046104,38
589,Milwaukee Ave & Cuyler Ave,41.954468,-87.749594,3.0,3.0,437875.980576018,4644992.568897386,-1
590,Kilbourn Ave & Irving Park Rd,41.953733,-87.740569,1.0,0.0,438623.2438341869,4644904.459568113,40
591,Kilbourn Ave & Milwaukee Ave,41.948818,-87.74002,1.0,1.0,438664.03204194194,4644358.359426929,40
592,Knox Ave & Montrose Ave,41.960631,-87.745359,0.0,0.0,438232.9181685559,4645673.779528339,-1
593,Halsted St & 59th St,41.787539,-87.644874,1.0,1.0,446415.6545584432,4626388.310126969,18
594,Western Blvd & 48th Pl,41.805661,-87.683392,4.0,4.0,443231.0669532674,4628425.04251794,34
595,Wabash Ave & 87th St,41.736646,-87.622634,1.0,1.0,448222.7470956958,4620724.293531738,-1
596,Benson Ave & Church St,42.048214,-87.683485,0.0,0.0,443438.0069088725,4655355.350797399,41
597,Chicago Ave & Washington St,42.032562,-87.679101,0.0,0.0,443787.0137009918,4653614.612604001,-1
598,Elmwood Ave & Austin St,42.025784,-87.684107,0.0,0.0,443366.6208383614,4652865.350262262,-1
599,Valli Produce - Evanston Plaza,42.039742,-87.699413,1.0,0.0,442112.18372910575,4654425.354283206,-1
600,Dodge Ave & Church St,42.048308,-87.698224,1.0,0.0,442218.3557491488,4655375.638389088,-1
601,Central St Metra,42.063598,-87.69873,2.0,3.0,442190.3502794672,4657073.641296745,-1
602,Central St & Girard Ave,42.064313,-87.686152,0.0,0.0,443231.6373319657,4657144.6022078665,-1
603,Chicago Ave & Sheridan Rd,42.050491,-87.677821,0.0,0.0,443908.7384154487,4655604.4379435945,41
604,Sheridan Rd & Noyes St (NU),42.058239,-87.677432,0.0,0.0,443947.742632892,4656464.448967319,-1
605,University Library (NU),42.052939,-87.673447,1.0,1.0,444272.8387613456,4655873.3820584165,41
619,Keystone Ave & Fullerton Ave,41.92459,-87.72785,0.0,0.0,439649.8999534468,4641659.720698385,-1
620,Orleans St & Chestnut St (NEXT Apts),41.898203,-87.637536,0.0,0.0,447116.59677429794,4638670.407789192,0
621,Aberdeen St & Randolph St,41.884114,-87.654264,1.0,0.0,445717.08047362574,4637116.587350858,0
622,California Ave & Cortez St,41.900363,-87.696704,1.0,0.0,442210.5525506882,4638948.392148483,10
623,Michigan Ave & 8th St,41.872773,-87.623981,0.0,0.0,448220.4546257366,4635838.715431641,0
624,Dearborn St & Van Buren St,41.876268,-87.629155,0.0,0.0,447793.9452530531,4636229.889482622,0
625,Chicago Ave & Dempster St,42.041691,-87.680687,0.0,3.0,443663.79465232254,4654629.252236327,-1
626,Delano Ct & Roosevelt Rd,41.867491,-87.63219,0.0,0.0,447534.9286622666,4635257.254967689,0
627,LaSalle Dr & Huron St,41.894877,-87.632326,0.0,0.0,447546.0448932534,4638297.931651558,0
628,Walsh Park,41.91461,-87.667968,0.0,0.0,444606.4452052642,4640511.248316267,0
630,Kildare Ave & Montrose Ave,41.96108,-87.73569,0.0,0.0,439034.6103802162,4645716.706963527,28
631,Malcolm X College,41.877618,-87.673895,0.0,0.0,444082.6658330877,4636407.957314412,4
635,Fairbanks St & Superior St,41.895748,-87.620104,0.0,0.0,448560.6117133136,4638387.236771387,0
636,Orleans St & Hubbard St,41.890028,-87.636618,0.0,0.0,447186.0103376691,4637762.19207065,0
638,Clinton St & Jackson Blvd,41.87811603,-87.63983846,0.0,0.0,446908.9781337717,4636441.624581673,0
639,Lakefront Trail & Wilson Ave,41.965845,-87.645361,0.0,0.0,446524.0435707421,4646185.437211905,0
642,Latrobe Ave & Chicago Ave,41.894745,-87.756895,3.0,3.0,437212.36111418746,4638366.935295078,-1
645,Archer (Damen) Ave & 37th St,41.826712,-87.683144,0.0,0.0,443270.24917295366,4630762.090837482,1
647,Elizabeth St & 59th St,41.786691,-87.655859,0.0,0.0,445502.1581543633,4626301.06500555,35
652,Rhodes Ave & 71st St,41.766,-87.611726,0.0,0.0,449153.01412939664,4623976.809369461,19
653,Cornell Dr & Hayes Dr,41.780595,-87.584846,0.0,0.0,451398.32223497424,4625581.680132236,2
657,Wood St & Augusta Blvd,41.899181,-87.6722,3.0,0.0,444242.0659234434,4638800.941066725,0
659,Leavitt St & Chicago Ave,41.895501,-87.682017,1.0,1.0,443424.5089802499,4638398.785990297,0
660,Sheridan Rd & Columbia Ave,42.004583,-87.661406,1.0,1.0,445227.7295644451,4650496.631304729,16
661,Evanston Civic Center,42.057044,-87.686554,0.0,0.0,443191.89887587336,4656337.785791405,-1
662,Dodge Ave & Mulford St,42.023463,-87.699595,4.0,1.0,442082.3429928242,4652618.014528052,-1
663,Lincolnwood Dr & Central St,42.064854,-87.715297,1.0,3.0,440820.8333640827,4657224.428329205,-1
665,South Chicago Ave & Elliot Ave,41.747363,-87.580046,5.0,7.0,451772.33196847566,4621889.397889319,38
666,Cherry Ave & Blackhawk St,41.907221,-87.655618,2.0,2.0,445624.3457474995,4639682.960168023,0
672,Franklin St & Illinois St,41.89102331,-87.63547987,0.0,0.0,447281.2487317568,4637871.99893997,0
673,Lincoln Park Conservatory,41.92393131,-87.63582453,1.0,2.0,447279.7389543847,4641525.913903411,0
