drop_off_intersection,count
52.0,14535
112.0,34704
154.0,6459
212.0,13419
577.0,19150
641.0,38560
662.0,81601
823.0,24171
994.0,91832
1051.0,99925
1063.0,12620
1265.0,92169
1379.0,24930
1719.0,9145
1806.0,42172
2143.0,45073
2263.0,96544
2467.0,119175
2588.0,22710
2601.0,35699
2730.0,10531
2821.0,2330
2826.0,3564
3010.0,155
3074.0,24068
3383.0,484
3594.0,1026
3741.0,599
3789.0,3474
3945.0,12
18.0,20186
398.0,118072
442.0,52084
452.0,17717
463.0,4522
488.0,45281
639.0,5481
881.0,40610
970.0,110745
1235.0,21102
1430.0,30316
1631.0,92847
2494.0,84532
2498.0,11533
2508.0,13545
2624.0,30837
2721.0,968
2753.0,47929
2876.0,4878
3059.0,3919
3109.0,74630
3142.0,2631
3177.0,1751
3436.0,1188
3635.0,6631
3762.0,19375
3766.0,71
3883.0,20
101.0,38497
149.0,1189
192.0,9245
267.0,54718
303.0,253615
334.0,78027
395.0,14708
541.0,17832
632.0,43393
635.0,24971
742.0,38693
798.0,17087
806.0,4646
831.0,4380
833.0,62692
865.0,186617
923.0,3858
1067.0,126031
1099.0,7988
1345.0,8239
1412.0,12730
1438.0,71186
1536.0,71928
2088.0,28277
2189.0,57087
2210.0,83889
2424.0,38131
2434.0,5822
2463.0,2276
2509.0,5343
2545.0,304
2604.0,11350
2640.0,95790
2726.0,107705
2762.0,9247
2953.0,60524
2982.0,64249
2997.0,2065
3467.0,244
3531.0,4285
3625.0,2524
3831.0,2337
4020.0,571
4025.0,289
4053.0,3055
184.0,3228
311.0,45567
386.0,15777
387.0,43359
663.0,88215
884.0,78641
899.0,6664
960.0,1553
1094.0,18129
1190.0,28953
1272.0,26290
1390.0,774
1396.0,4552
1562.0,83570
1703.0,104385
1722.0,218722
1786.0,11867
1791.0,244108
1829.0,194906
1914.0,74273
1965.0,35503
1988.0,1109
2067.0,1332
2209.0,4605
2218.0,27938
2486.0,89655
2530.0,38852
2619.0,3062
2678.0,56332
2722.0,2593
2899.0,3418
3051.0,36893
3102.0,2421
3273.0,9172
3411.0,1520
3503.0,2686
3512.0,97
3592.0,2729
3733.0,3338
3747.0,4248
3755.0,784
3849.0,20802
20.0,19620
729.0,11559
989.0,12733
997.0,12369
1043.0,628086
1113.0,16372
1213.0,30640
1342.0,1151
1481.0,77946
1785.0,70111
1793.0,156927
1825.0,41777
1864.0,29817
1876.0,12830
1896.0,93972
2074.0,3191
2504.0,8372
2569.0,211
2852.0,72030
2900.0,170489
3033.0,8017
3214.0,2595
3252.0,1640
3313.0,42
3363.0,144
3407.0,10420
3530.0,972
3568.0,3208
3575.0,5557
38.0,25428
67.0,7217
113.0,2110
499.0,44675
801.0,9721
912.0,543
941.0,4595
956.0,20575
1034.0,1009
1526.0,55281
1550.0,70810
1614.0,62316
1624.0,13965
1853.0,55615
1883.0,4905
2101.0,1606
2332.0,30305
2772.0,104106
2785.0,25203
2884.0,1599
3100.0,11486
3137.0,3227
3296.0,11057
3395.0,18497
3424.0,6450
3450.0,5292
3663.0,10372
3697.0,4189
3710.0,1028
3918.0,1101
3.0,8669
136.0,41409
169.0,13798
315.0,58527
453.0,15564
602.0,20310
665.0,70059
708.0,33039
842.0,48338
894.0,16446
917.0,12230
1126.0,15610
1182.0,47450
1398.0,123318
1459.0,14962
1517.0,168653
1542.0,164237
1593.0,157355
1711.0,30301
1905.0,122765
1918.0,25573
2316.0,25768
2322.0,47572
2333.0,115782
2338.0,58009
2351.0,28607
2459.0,58571
2472.0,12828
2502.0,21383
2921.0,1059
3135.0,361
3213.0,7100
3269.0,2991
3427.0,542
3808.0,936
3877.0,5466
4038.0,219
95.0,18485
109.0,34631
183.0,29923
210.0,3258
221.0,16532
359.0,24761
383.0,15743
416.0,16913
528.0,24823
589.0,44112
703.0,6063
791.0,94565
1029.0,46403
1152.0,17096
1180.0,1309
1237.0,13251
1244.0,69215
1370.0,9081
1697.0,43463
1771.0,121571
1788.0,22357
1799.0,118167
1861.0,32587
2154.0,37697
2363.0,54373
2386.0,35555
2482.0,81249
2580.0,935
2829.0,40069
2993.0,6684
3089.0,4927
3113.0,80117
3189.0,3174
3345.0,9458
3430.0,5394
3435.0,1837
3761.0,1221
3793.0,4885
3829.0,1381
3979.0,567
3982.0,637
4043.0,4282
86.0,9750
116.0,38198
282.0,4612
301.0,20946
378.0,9083
515.0,18356
633.0,39995
679.0,36165
741.0,11131
854.0,5514
878.0,7455
1137.0,4405
1185.0,171003
1208.0,178862
1222.0,11474
1294.0,514
1356.0,89726
1381.0,43165
1475.0,170871
1676.0,1037
1772.0,30484
1897.0,22297
2079.0,38763
2280.0,102666
2314.0,60528
2454.0,17913
2671.0,26687
2689.0,1371
2933.0,2534
3166.0,12979
3243.0,37826
3353.0,3136
3399.0,34532
3432.0,1343
3469.0,93
3732.0,1319
3742.0,383
3757.0,848
3805.0,9477
3816.0,1283
3819.0,1344
4076.0,1039
235.0,3147
245.0,40974
305.0,37921
369.0,101197
580.0,94726
694.0,4922
767.0,10233
849.0,10442
963.0,161774
1054.0,5622
1161.0,107634
1176.0,68569
1642.0,86951
1798.0,49422
1811.0,5658
1839.0,210213
1904.0,46530
1968.0,1471
1992.0,3996
2140.0,33628
2246.0,23966
2258.0,3415
2344.0,2245
2419.0,1389
2559.0,55046
2684.0,39399
2745.0,8399
2748.0,9988
2781.0,1539
2817.0,40465
3217.0,60757
3264.0,7451
3268.0,51735
3385.0,6409
3449.0,3221
3477.0,8946
3484.0,4321
3682.0,2766
3764.0,140
3775.0,634
3840.0,496
3873.0,5204
40.0,48296
165.0,9266
226.0,28019
394.0,111433
494.0,54605
540.0,20349
619.0,22165
1114.0,35276
1207.0,44848
1215.0,120670
1266.0,95145
1301.0,52844
1560.0,65765
1606.0,7042
1946.0,81438
2059.0,20620
2061.0,35374
2607.0,48
2665.0,1535
2704.0,60933
2708.0,8390
2839.0,3684
2897.0,4358
2969.0,88460
3164.0,1060
3239.0,181
3295.0,35904
3351.0,5176
3376.0,1777
3610.0,1152
3696.0,5464
3781.0,723
3859.0,1360
4009.0,1436
26.0,12717
82.0,7399
105.0,13202
199.0,45755
217.0,44404
269.0,7682
284.0,9061
377.0,8007
438.0,57041
672.0,55431
858.0,42927
920.0,5621
983.0,44789
1021.0,77887
1039.0,119152
1219.0,185413
1277.0,92880
1599.0,42629
1660.0,22259
1662.0,38312
1764.0,18899
1875.0,42202
2162.0,9619
2349.0,50852
2484.0,94336
3003.0,23697
3046.0,1739
3062.0,1610
3097.0,14445
3194.0,11938
3251.0,3788
3270.0,1248
3323.0,1333
3431.0,830
3499.0,2250
3795.0,1359
3813.0,1825
3957.0,1103
4015.0,2357
88.0,1664
252.0,29186
323.0,11918
336.0,64753
467.0,19854
572.0,2129
582.0,10414
623.0,30472
624.0,75263
625.0,48267
804.0,43239
886.0,25182
1135.0,102008
1513.0,67644
1529.0,34663
1655.0,249212
1796.0,25538
1849.0,91137
2173.0,100905
2221.0,89361
2934.0,4149
3092.0,4865
3104.0,25248
3169.0,1916
3396.0,2964
3405.0,1441
3455.0,5791
3515.0,1244
3521.0,1620
3555.0,2588
3773.0,2019
3924.0,2103
4059.0,5
125.0,3809
209.0,3280
219.0,19768
242.0,10696
247.0,23559
339.0,35438
674.0,29003
837.0,2670
873.0,111544
927.0,5379
990.0,31086
1162.0,23334
1201.0,46687
1306.0,48165
2105.0,35384
2254.0,71745
2325.0,46112
2395.0,5224
2431.0,4693
2616.0,1187
2647.0,190
2715.0,41762
2914.0,12286
2931.0,98975
3036.0,27800
3198.0,69201
3247.0,2184
3344.0,941
3607.0,4676
3618.0,3061
3704.0,2605
3785.0,11126
3895.0,145
4050.0,95
30.0,15341
85.0,99942
157.0,69225
218.0,9714
224.0,2011
227.0,48836
551.0,48134
594.0,14922
629.0,22083
681.0,8092
728.0,21236
747.0,6100
812.0,30830
883.0,5138
1128.0,22034
1224.0,2878
1378.0,6524
1451.0,119030
1490.0,56011
1751.0,28742
1821.0,23911
1951.0,9489
2004.0,5358
2049.0,150670
2099.0,2938
2167.0,53703
2260.0,84504
2404.0,85417
2410.0,6302
2423.0,89405
2563.0,14108
2682.0,4386
2727.0,9495
2754.0,91480
2867.0,87221
3280.0,14994
3596.0,1451
3713.0,627
3772.0,2370
3833.0,926
3854.0,1388
117.0,828
155.0,448
162.0,91491
454.0,17856
500.0,25135
783.0,2094
784.0,22053
846.0,7672
908.0,41986
1008.0,136651
1023.0,32175
1066.0,70277
1089.0,77869
1093.0,63401
1107.0,637675
1148.0,48624
1187.0,48936
1202.0,52823
1437.0,22052
1646.0,18426
1657.0,113682
1686.0,16292
1794.0,29553
2013.0,8854
2044.0,10116
2127.0,59681
2144.0,18612
2147.0,3438
2288.0,9328
2636.0,37428
2766.0,2996
2793.0,279
2853.0,105376
2865.0,68483
2985.0,4519
3095.0,1904
3139.0,8949
3244.0,27999
3259.0,2818
3483.0,821
3628.0,11297
3862.0,6313
3922.0,91
3977.0,2463
32.0,28736
122.0,36155
186.0,29545
193.0,25308
338.0,157776
364.0,4883
519.0,13275
608.0,38089
677.0,67632
724.0,15695
772.0,25674
1017.0,5348
1069.0,9206
1226.0,44427
1252.0,715
1406.0,3120
1472.0,6143
1544.0,82953
1583.0,56566
1966.0,70506
2057.0,36670
2116.0,39429
2165.0,115294
2317.0,9568
2391.0,35853
2743.0,92073
2891.0,1307
2973.0,7124
3065.0,8870
3107.0,6126
3238.0,4935
3257.0,13146
3301.0,3153
3514.0,3495
3585.0,688
3609.0,11832
3674.0,697
3731.0,2392
3786.0,5571
4003.0,3768
17.0,150930
23.0,29083
190.0,6966
351.0,11014
420.0,130934
657.0,80573
683.0,87837
814.0,123911
875.0,34023
965.0,1760
1042.0,10013
1059.0,548619
1223.0,93693
1250.0,37541
1331.0,7987
1365.0,122688
1436.0,39259
1846.0,34315
2150.0,31953
2225.0,148309
2353.0,6347
2557.0,2320
2833.0,96866
2998.0,752
3004.0,7732
3026.0,52211
3082.0,13651
3550.0,9687
3559.0,3956
3671.0,632
3720.0,5656
3787.0,819
3920.0,512
4090.0,17084
100.0,5358
266.0,46948
464.0,42920
485.0,50553
552.0,7021
986.0,66748
1130.0,37850
1188.0,69695
1388.0,153536
1474.0,104537
1735.0,215489
1989.0,12669
2095.0,17683
2531.0,2388
2534.0,2889
2572.0,51135
2596.0,77866
2651.0,1824
2731.0,10222
2840.0,224652
2977.0,1556
3034.0,2492
3045.0,23178
3060.0,625
3384.0,213
3573.0,539
3658.0,4184
3799.0,8727
3814.0,507
3940.0,1770
3941.0,442
3978.0,735
63.0,12790
296.0,10703
340.0,48240
604.0,23924
974.0,65624
1177.0,5557
1241.0,22636
1316.0,28820
1479.0,1088
1495.0,157339
1515.0,95429
1535.0,60386
1537.0,7188
1559.0,24631
1628.0,96240
1694.0,36248
1707.0,93913
1730.0,44140
1746.0,89776
1765.0,56341
1807.0,79638
1893.0,17638
1922.0,6533
2009.0,88059
2184.0,105855
2341.0,69720
2372.0,91638
2402.0,22364
2558.0,38985
2703.0,106991
2804.0,16153
2950.0,10731
2975.0,4271
3032.0,9500
3088.0,461
3090.0,45619
3195.0,3296
3232.0,1014
3312.0,1509
3331.0,3321
3373.0,6711
3437.0,3929
3684.0,1956
3716.0,98
3770.0,968
3992.0,832
3999.0,1545
4056.0,48
22.0,39584
54.0,149691
300.0,15432
331.0,163758
356.0,14453
435.0,48422
563.0,57293
746.0,155075
810.0,5180
902.0,10504
935.0,2682
1002.0,2997
1061.0,4133
1375.0,17011
1446.0,143999
1519.0,135424
1747.0,135973
1761.0,91657
1779.0,221026
1859.0,98689
1967.0,284
2027.0,29943
2032.0,124818
2119.0,40457
2129.0,18677
2197.0,35676
2248.0,37581
2259.0,20164
2406.0,30433
2645.0,7010
3064.0,3887
3126.0,368
3133.0,32037
3422.0,27670
3452.0,1005
3666.0,930
3822.0,307
4001.0,2289
138.0,10284
144.0,30969
273.0,34589
480.0,21451
518.0,3375
709.0,28833
761.0,95637
790.0,10204
851.0,13410
945.0,490
1131.0,14811
1234.0,78682
1383.0,88686
1618.0,2763
1724.0,157465
1971.0,26144
2031.0,22366
2090.0,14166
2217.0,3181
2346.0,30760
2420.0,43728
2499.0,94586
2582.0,34102
2600.0,93019
2641.0,4064
2646.0,29138
2710.0,4122
2755.0,85981
2757.0,2442
2990.0,58305
3286.0,2883
3404.0,9955
3487.0,24550
3680.0,6492
3690.0,706
3721.0,1193
3798.0,1172
3802.0,3209
39.0,5215
318.0,24250
586.0,89306
636.0,54942
658.0,53366
841.0,20952
934.0,833
1284.0,115851
1454.0,37481
1555.0,50963
2008.0,26990
2019.0,83648
2070.0,15078
2123.0,32397
2228.0,23033
2281.0,63913
2327.0,6842
2441.0,16957
2464.0,62456
3049.0,2541
3147.0,1140
3174.0,2524
3428.0,300
3446.0,2002
3468.0,992
3569.0,146
3574.0,486
3728.0,1581
3809.0,1304
77.0,11951
92.0,20464
172.0,34845
258.0,17191
640.0,8276
652.0,13270
796.0,74611
829.0,11943
951.0,28250
1084.0,18205
1366.0,250486
1373.0,140777
1604.0,24969
1721.0,55906
1759.0,100514
1900.0,134583
2034.0,20176
2122.0,38809
2176.0,122410
2205.0,45669
2215.0,10304
2261.0,73419
2331.0,124383
2857.0,1734
2872.0,56315
2911.0,4145
2936.0,4344
3001.0,115710
3314.0,2398
3355.0,2159
3366.0,8485
3595.0,1540
3670.0,4046
3886.0,5
3955.0,2657
4027.0,39
4035.0,981
195.0,6947
243.0,20696
292.0,4269
412.0,17976
490.0,8432
525.0,25569
675.0,80545
759.0,874
900.0,10238
928.0,30749
1257.0,249843
1512.0,4526
1630.0,69272
1728.0,61477
1870.0,905
1953.0,4455
1975.0,23196
2132.0,3572
2227.0,6105
2262.0,1335
2266.0,24485
2304.0,35198
2396.0,34644
2432.0,96601
2457.0,15328
2487.0,8398
2656.0,55185
2706.0,116075
3176.0,3851
3300.0,13387
3434.0,4788
3448.0,1700
3491.0,2987
3591.0,1625
3654.0,14897
3901.0,227
3912.0,1958
3958.0,928
90.0,2164
211.0,18860
259.0,45135
285.0,13955
321.0,22388
352.0,17569
473.0,30121
492.0,45631
673.0,13322
687.0,74028
732.0,33597
953.0,1795
954.0,8080
1040.0,77547
1070.0,3968
1313.0,22570
1319.0,88771
1322.0,22170
1336.0,155377
1480.0,56285
1554.0,48785
1564.0,26990
1836.0,7116
1866.0,22689
1879.0,13513
2085.0,64095
2201.0,81386
2243.0,4775
2371.0,9473
2670.0,814
2705.0,114788
2752.0,55287
2910.0,76655
3263.0,3846
3303.0,4454
3360.0,6327
3461.0,6043
3486.0,1484
3492.0,16178
3493.0,10960
3656.0,530
3695.0,970
3768.0,120
3791.0,1147
3866.0,1480
3885.0,359
3949.0,445
2.0,14876
223.0,3443
291.0,21406
348.0,25503
501.0,86045
590.0,6363
857.0,84332
1057.0,35574
1179.0,187203
1269.0,7720
1344.0,64443
1351.0,117143
1449.0,62363
1532.0,55057
1578.0,92624
1590.0,53426
1592.0,44844
1615.0,121012
1665.0,131133
1678.0,189208
1972.0,13722
1976.0,56504
1987.0,1803
2115.0,138277
2287.0,5604
2291.0,43485
2319.0,52699
2594.0,1761
2661.0,37667
2675.0,5961
2679.0,575
2756.0,179731
2806.0,2081
3037.0,968
3054.0,2364
3202.0,4386
3456.0,275
3542.0,1116
4026.0,1668
4032.0,49
202.0,4296
532.0,19990
660.0,11696
1212.0,73343
1312.0,609
1588.0,30142
1638.0,27715
1644.0,113435
1682.0,127208
1775.0,20916
1880.0,107626
1990.0,113545
2160.0,10802
2239.0,104112
2336.0,28802
2358.0,3432
2364.0,99449
2541.0,247
2724.0,8388
2850.0,40684
2986.0,1693
3132.0,6714
3181.0,1740
3297.0,1123
3541.0,458
3679.0,258
3959.0,905
4018.0,488
42.0,24477
248.0,8891
533.0,3237
573.0,13301
605.0,57826
699.0,15641
799.0,19468
938.0,131475
1047.0,23280
1062.0,61752
1173.0,99631
1229.0,118624
1372.0,76433
1416.0,5977
1749.0,65505
1942.0,153929
1999.0,182446
2038.0,194816
2111.0,63787
2178.0,1833
2264.0,40646
2269.0,27551
2355.0,45432
2685.0,2443
2733.0,7283
2786.0,7576
3108.0,3638
3219.0,7917
3393.0,6070
3410.0,1326
3525.0,2018
3529.0,2651
3584.0,4099
3652.0,553
4030.0,1510
4033.0,877
160.0,16648
220.0,24236
287.0,12223
333.0,17105
460.0,46786
686.0,29917
762.0,20637
898.0,39684
961.0,17243
1196.0,29252
1198.0,22847
1262.0,88182
1453.0,112180
1643.0,110755
1650.0,44511
1669.0,74870
1736.0,74318
1776.0,41634
1907.0,118211
1917.0,1280
1982.0,632
2033.0,109006
2274.0,159772
2306.0,119297
2436.0,44313
2691.0,3563
2736.0,70582
2886.0,23118
2908.0,2954
3030.0,7792
3035.0,3368
3077.0,584
3084.0,67071
3105.0,10762
3143.0,6425
3222.0,198
3342.0,48
3361.0,989
3413.0,3100
3582.0,1088
3599.0,4246
3698.0,1494
3872.0,102
3887.0,3379
3951.0,3547
3973.0,838
3984.0,1064
354.0,13469
630.0,16981
744.0,112781
855.0,78980
896.0,53770
1281.0,111502
1411.0,3579
1591.0,3695
1616.0,62124
1656.0,5213
1760.0,70487
1843.0,37916
1944.0,1135
2082.0,58054
2175.0,7262
2265.0,12089
2345.0,44130
2389.0,90027
2621.0,17187
2638.0,29779
2788.0,40404
2813.0,189
2925.0,5908
3160.0,72004
3249.0,1776
3347.0,1425
3540.0,3355
3558.0,1961
3647.0,488
3676.0,876
3744.0,178
3838.0,12419
3852.0,1548
4084.0,2475
37.0,24168
108.0,1484
134.0,9429
255.0,22877
283.0,120687
328.0,7200
704.0,10110
861.0,20236
874.0,27138
889.0,29716
937.0,29821
1077.0,205115
1083.0,14248
1105.0,19583
1210.0,5869
1251.0,70582
1280.0,38123
1497.0,110556
1500.0,9190
1620.0,43773
1708.0,20871
1777.0,45666
1835.0,84757
1882.0,66311
2021.0,51590
2117.0,8231
2136.0,25448
2137.0,136192
2479.0,3212
2576.0,75883
2664.0,90684
2787.0,1376
2892.0,4118
3002.0,7301
3180.0,4093
3285.0,2515
3458.0,2674
3557.0,8644
3632.0,1195
3832.0,2283
3946.0,1832
104.0,46641
135.0,3699
203.0,56501
382.0,32541
401.0,22014
531.0,9678
740.0,11703
863.0,39315
870.0,65590
936.0,70694
1103.0,8757
1298.0,347
1420.0,33615
1824.0,749
1848.0,42465
2040.0,79634
2126.0,39072
2206.0,126317
2295.0,7837
2383.0,50202
2394.0,27592
2490.0,19117
2775.0,1188
2828.0,470
2943.0,87204
2964.0,4353
3151.0,4346
3179.0,77641
3201.0,7763
3330.0,904
3655.0,1805
3989.0,687
4008.0,5216
216.0,33593
307.0,25217
380.0,12329
405.0,11735
516.0,8021
535.0,78050
592.0,22714
649.0,37415
820.0,34702
868.0,31430
943.0,96173
1205.0,77342
1302.0,92369
1324.0,82389
1429.0,47256
1780.0,68139
1939.0,43916
1985.0,45376
1991.0,47530
1996.0,25820
2054.0,22373
2297.0,2251
2313.0,23203
2456.0,3790
2632.0,1625
2718.0,74304
2737.0,32576
2844.0,5997
2909.0,6031
3008.0,94370
3014.0,6019
3140.0,730
3488.0,1147
3659.0,4070
3777.0,1878
3811.0,3221
3846.0,3351
50.0,3061
137.0,27665
214.0,11314
304.0,50839
370.0,24057
445.0,12227
770.0,164774
800.0,70737
853.0,90137
933.0,40871
977.0,16360
1184.0,49847
1238.0,73633
1270.0,13016
1482.0,35211
1498.0,123007
1507.0,51668
1569.0,30610
1854.0,52537
1872.0,93902
1970.0,26309
2056.0,34542
2174.0,2199
2293.0,3644
2366.0,21838
2400.0,30817
2768.0,107116
2968.0,2891
3086.0,2146
3188.0,1692
3218.0,40010
3370.0,3313
3380.0,1112
3490.0,717
3551.0,48
3586.0,9563
3707.0,940
3759.0,315
3841.0,311
3917.0,1051
3934.0,1547
3994.0,3398
150.0,9160
152.0,96677
189.0,15931
222.0,26097
313.0,19644
362.0,13907
411.0,51474
479.0,63467
536.0,28829
542.0,90371
723.0,51818
795.0,3954
802.0,91368
852.0,62927
890.0,20182
897.0,63602
1138.0,64233
1290.0,19936
1293.0,71776
1410.0,85265
1561.0,19331
1627.0,89819
1658.0,56599
1889.0,164551
1998.0,18070
2068.0,989
2191.0,2072
2249.0,58412
2360.0,34385
2483.0,40984
2859.0,110724
2877.0,3391
2901.0,5850
3172.0,1864
3190.0,14612
3208.0,6226
3225.0,1171
3329.0,5234
3369.0,1992
3622.0,3993
3649.0,5339
3669.0,34265
3711.0,871
3780.0,112
3962.0,1720
3967.0,969
4069.0,767
74.0,4633
127.0,37200
141.0,2702
173.0,17848
272.0,7981
280.0,48638
317.0,22065
374.0,31087
407.0,37834
794.0,16994
1000.0,18709
1001.0,29428
1134.0,91490
1321.0,71934
1523.0,80180
1527.0,102048
1547.0,63187
1758.0,53511
1818.0,217493
1832.0,81758
1888.0,4365
2050.0,15132
2051.0,8742
2183.0,61603
2292.0,3288
2328.0,19989
2409.0,27794
2426.0,56991
2518.0,101195
2532.0,56292
2584.0,25656
2644.0,16575
2782.0,4109
2917.0,7869
3006.0,5430
3079.0,9401
3134.0,38714
3200.0,51987
3235.0,7979
3371.0,4275
3382.0,2609
3418.0,703
3640.0,1753
3643.0,592
3667.0,1683
3681.0,8466
3858.0,566
4031.0,362
24.0,17626
170.0,27589
244.0,6045
400.0,13861
475.0,20032
595.0,26825
643.0,66901
745.0,68826
797.0,2807
821.0,97496
969.0,52435
1003.0,1456
1091.0,25002
1399.0,47498
1431.0,134054
2005.0,1094
2029.0,22343
2241.0,19067
2256.0,5302
2284.0,16953
2452.0,79551
2681.0,78009
2808.0,774
2883.0,2712
2922.0,36897
2974.0,7291
3042.0,11578
3209.0,3597
3250.0,8747
3256.0,1500
3334.0,86
3519.0,4348
3735.0,1005
3944.0,365
3971.0,2908
3990.0,2357
46.0,3632
72.0,35243
133.0,58762
234.0,22680
254.0,27251
375.0,14423
483.0,61562
1153.0,17824
1204.0,190535
1335.0,73192
1414.0,97923
1456.0,66563
1508.0,47382
1518.0,83476
1530.0,17959
1603.0,38536
1626.0,86125
1713.0,79866
1766.0,13231
1778.0,381
1809.0,15534
1817.0,25385
1912.0,12213
1950.0,31351
2069.0,107256
2181.0,31697
2252.0,37434
2343.0,102652
2501.0,32987
2591.0,4160
2592.0,9235
2625.0,95341
2955.0,8089
2996.0,7847
3022.0,92622
3085.0,5665
3210.0,850
3316.0,741
3476.0,3908
3581.0,821
3751.0,857
3774.0,1850
3907.0,5273
3960.0,2807
4021.0,145
4048.0,104
35.0,6583
102.0,10513
153.0,12997
262.0,55247
349.0,17714
372.0,47876
506.0,4030
554.0,10493
621.0,6447
712.0,24522
822.0,24182
944.0,1245
1369.0,127546
1377.0,25072
1528.0,1624
1619.0,11152
1795.0,2830
1886.0,18446
2007.0,127592
2047.0,161537
2141.0,10573
2151.0,20241
2533.0,10728
2539.0,84550
2566.0,4178
2593.0,593
2677.0,35058
2797.0,35249
2814.0,45238
2823.0,4070
2847.0,3659
2881.0,3240
2882.0,16792
3282.0,316
3328.0,29849
3441.0,3623
3479.0,76
3571.0,4340
3611.0,9389
3727.0,1173
3865.0,126
3933.0,4140
4068.0,170
4071.0,1845
128.0,7089
263.0,35611
393.0,16545
522.0,19694
550.0,25638
628.0,90543
903.0,5742
918.0,9938
984.0,34675
1124.0,346637
1248.0,52971
1268.0,108556
1303.0,146011
1338.0,25118
1380.0,128057
1400.0,124984
1421.0,16824
1521.0,5424
1613.0,80310
1648.0,161582
1683.0,21797
1692.0,66235
1739.0,14400
1781.0,140080
1784.0,86372
2104.0,86971
2240.0,6466
2524.0,123
2548.0,17045
2663.0,1799
2822.0,124923
3159.0,39528
3167.0,2000
3193.0,1684
3362.0,6723
3426.0,193
3738.0,1184
4042.0,540
4057.0,151
4060.0,62
6.0,11258
159.0,21614
201.0,8154
264.0,30875
487.0,118175
539.0,48118
570.0,20319
743.0,8746
827.0,67156
1087.0,17614
1119.0,13103
1149.0,63193
1167.0,91942
1211.0,13501
1355.0,46134
1514.0,58312
1609.0,35056
1706.0,63663
1709.0,41855
2025.0,211513
2290.0,23902
2520.0,92697
3114.0,1425
3302.0,14227
3337.0,2089
3368.0,26441
3543.0,4511
3565.0,3826
3587.0,2803
3792.0,276
3871.0,742
3913.0,1155
4052.0,171
428.0,2592
484.0,62126
567.0,10859
598.0,28218
705.0,111277
748.0,52508
781.0,112159
1121.0,89355
1142.0,93292
1368.0,146388
1422.0,161506
1594.0,48587
1804.0,114980
1812.0,2470
1927.0,55927
1934.0,24065
1973.0,1296
2000.0,161362
2320.0,8823
2369.0,7813
2378.0,47896
2401.0,35361
2639.0,22975
2700.0,7109
2701.0,382
2765.0,3347
2815.0,83774
2944.0,19933
3205.0,1183
3304.0,3842
3617.0,1656
3678.0,1134
3706.0,716
3844.0,1473
3929.0,733
3931.0,3843
4061.0,166
110.0,53909
187.0,13594
204.0,6450
309.0,11336
689.0,6717
698.0,40764
707.0,59301
727.0,3642
766.0,16412
778.0,30703
864.0,12022
1035.0,738
1073.0,5953
1080.0,75022
1304.0,5458
1332.0,85422
1361.0,11652
1511.0,20246
1652.0,5105
1691.0,86691
2035.0,10660
2062.0,69598
2294.0,29129
2468.0,23839
2606.0,15270
2622.0,104152
2683.0,78907
2694.0,6737
2770.0,105558
2864.0,36046
2874.0,2332
3017.0,6263
3101.0,1127
3144.0,516
3475.0,3997
3645.0,799
3730.0,159
3752.0,1788
3810.0,2113
4004.0,1520
4036.0,3081
45.0,12644
413.0,26299
946.0,66025
980.0,119615
1025.0,162641
1045.0,71229
1147.0,68599
1225.0,31167
1504.0,1428
1570.0,48693
1725.0,43694
1741.0,53172
1874.0,108923
2231.0,41477
2377.0,62320
2416.0,33403
3237.0,1324
3332.0,144
3356.0,660
3806.0,3051
3870.0,812
3900.0,574
3986.0,640
396.0,14487
404.0,93204
547.0,9503
654.0,52746
739.0,10825
807.0,9848
1172.0,56445
1608.0,20294
1840.0,288576
1885.0,475
1911.0,173133
1941.0,10201
2125.0,81539
2169.0,51266
2226.0,23391
2282.0,9784
2285.0,106160
2370.0,82712
2516.0,64755
2527.0,289
2599.0,12269
2635.0,114862
2653.0,4227
2832.0,43740
2976.0,1382
3216.0,2597
3307.0,2241
3472.0,316
3627.0,807
3641.0,1178
143.0,14228
158.0,37394
253.0,21379
275.0,38012
443.0,21340
603.0,7638
808.0,39954
947.0,21223
988.0,83281
1143.0,17436
1299.0,175814
1425.0,1658
1576.0,70110
1632.0,9140
1647.0,56238
1768.0,122139
1819.0,219522
1837.0,48018
1903.0,51895
1980.0,4401
2048.0,108276
2112.0,96177
2438.0,47430
2476.0,44415
2536.0,31657
2713.0,3334
2744.0,13203
2836.0,3716
2905.0,41585
2930.0,10452
3048.0,5493
3178.0,6682
3333.0,2755
3460.0,6560
3494.0,9904
3665.0,1247
3985.0,1777
31.0,35275
325.0,30729
388.0,76363
425.0,15699
446.0,30656
517.0,40789
650.0,77440
735.0,26798
968.0,344
1033.0,6206
1079.0,15707
1199.0,74222
1254.0,40137
1255.0,81820
1300.0,1876
1308.0,97485
1393.0,179830
1413.0,6471
1424.0,194374
1461.0,4020
1586.0,41711
1617.0,6417
1629.0,197115
1802.0,63764
1916.0,2648
1959.0,45271
2017.0,55948
2037.0,13376
2107.0,15993
2470.0,37026
2565.0,8261
2589.0,32852
2674.0,5614
2725.0,1006
2796.0,11579
2885.0,1494
2916.0,18375
2945.0,5943
2960.0,16485
2983.0,5077
3127.0,1291
3175.0,1424
3421.0,2854
3438.0,3512
3453.0,3354
3501.0,5362
3546.0,826
3630.0,719
3743.0,8324
3882.0,729
93.0,2303
168.0,7108
299.0,28406
376.0,33236
456.0,34563
696.0,83640
776.0,2441
787.0,17712
844.0,1490
1295.0,4429
1320.0,986
1346.0,58367
1463.0,32030
1602.0,505
1675.0,51585
1774.0,55877
2026.0,143606
2153.0,1485
2385.0,4704
2399.0,16718
2421.0,103033
2469.0,9150
2488.0,29259
2603.0,507
2642.0,10293
2655.0,140942
2771.0,53135
2895.0,66655
3308.0,543
3326.0,5624
3341.0,828
3429.0,10518
3570.0,4221
3686.0,1427
3722.0,2509
3739.0,11558
3790.0,1923
3843.0,1196
3921.0,48
3969.0,1245
4002.0,1308
70.0,6353
99.0,19181
230.0,32866
345.0,16030
474.0,15257
585.0,28708
688.0,8322
690.0,43738
718.0,5636
1125.0,43355
1296.0,36806
1348.0,159752
1360.0,51620
1601.0,56036
1607.0,106650
1671.0,951
1906.0,31001
2039.0,59636
2190.0,57756
2335.0,12400
2435.0,48419
2453.0,30575
2458.0,23035
2657.0,3590
2667.0,743
2774.0,40438
2784.0,478
2825.0,15188
2842.0,8747
2954.0,10813
3206.0,3077
3220.0,807
3227.0,3459
3325.0,2572
3415.0,1514
3439.0,4870
3606.0,201
3636.0,3702
3662.0,2619
3689.0,293
3892.0,1130
3935.0,60
4064.0,885
4079.0,217
48.0,41049
56.0,113382
62.0,18228
111.0,1660
213.0,7196
289.0,38457
414.0,24156
520.0,30114
876.0,6428
882.0,14312
998.0,2533
1032.0,48029
1246.0,102665
1315.0,23959
1543.0,3209
1575.0,28730
1813.0,75320
1887.0,19578
1960.0,40854
2083.0,104003
2159.0,153724
2387.0,34713
2522.0,63740
2537.0,85889
2935.0,17905
2981.0,1920
3057.0,10082
3068.0,3207
3096.0,1232
3120.0,1350
3350.0,11665
3507.0,875
3884.0,159
3953.0,664
4029.0,1862
29.0,52061
73.0,16637
197.0,25951
237.0,5903
238.0,14066
361.0,89935
805.0,21742
1307.0,110125
1357.0,55204
1538.0,62842
1783.0,83994
1856.0,19020
1908.0,37381
2018.0,38213
2078.0,163772
2200.0,45188
2334.0,3638
2411.0,31644
2439.0,97460
2506.0,58128
2612.0,24940
2870.0,21859
2879.0,4691
2913.0,7536
3031.0,667
3055.0,6836
3061.0,11686
3080.0,2235
3093.0,5971
3857.0,709
3897.0,1591
87.0,2480
121.0,21693
139.0,41555
178.0,21340
236.0,26962
268.0,17280
366.0,51578
470.0,1923
471.0,227229
562.0,51694
584.0,9809
915.0,105319
1004.0,280628
1038.0,5282
1127.0,7079
1392.0,1205
1432.0,112745
1448.0,645
1491.0,1144
1712.0,55385
1834.0,61963
1913.0,29211
1969.0,178692
1983.0,127088
2014.0,170117
2073.0,7123
2118.0,208822
2168.0,19278
2417.0,1095
2514.0,44595
2630.0,94664
2676.0,40489
2738.0,84230
2880.0,3095
3023.0,5791
3039.0,7425
3052.0,108017
3291.0,4626
3292.0,3237
3310.0,7094
3714.0,1352
3878.0,835
3927.0,1263
3991.0,1389
27.0,17470
55.0,8889
84.0,829
491.0,27167
601.0,64555
682.0,138381
752.0,8576
856.0,45852
869.0,72117
976.0,328
985.0,57625
1018.0,112123
1200.0,93920
1217.0,85018
1242.0,125016
1309.0,27947
1509.0,997
1579.0,63319
1763.0,15815
1787.0,29779
1869.0,3933
2089.0,105973
2187.0,109932
2196.0,11955
2273.0,68182
2354.0,27742
2407.0,51815
2443.0,74915
2535.0,66585
2575.0,639
2595.0,54442
2628.0,86099
2690.0,5119
2846.0,2198
3211.0,3149
3215.0,6069
3447.0,6692
3451.0,2090
3466.0,695
3506.0,3932
3600.0,3926
3620.0,2077
3687.0,1234
3705.0,91
3708.0,1681
3827.0,433
3847.0,1573
3916.0,1351
3936.0,2154
4041.0,424
4058.0,2758
7.0,46098
89.0,4285
451.0,11604
529.0,56046
557.0,139976
678.0,57069
773.0,40492
809.0,21341
1026.0,1929
1136.0,130655
1168.0,34060
1186.0,19462
1442.0,52137
1460.0,71483
1501.0,222508
1789.0,54544
2028.0,79075
2232.0,165086
2308.0,12675
2560.0,90972
2608.0,241
2660.0,4025
2779.0,8858
2878.0,80683
2906.0,2235
2919.0,44949
3359.0,145
3379.0,12101
3598.0,801
3723.0,41
3753.0,14542
3765.0,2174
3965.0,1023
4067.0,990
4074.0,1065
76.0,12318
347.0,2516
360.0,12140
381.0,10621
508.0,53550
597.0,15490
669.0,38135
684.0,32035
711.0,1845
916.0,96191
1120.0,56481
1278.0,9430
1435.0,65988
1450.0,115218
1702.0,17984
1805.0,59756
1815.0,27409
1820.0,60771
1935.0,28137
2131.0,48216
2538.0,33547
2672.0,40623
2709.0,2545
2746.0,24668
2769.0,211086
2799.0,2901
2928.0,8366
3053.0,101417
3510.0,2205
3782.0,216
3845.0,55
3993.0,2868
208.0,13490
437.0,77453
459.0,72563
664.0,6139
1041.0,1793
1071.0,47434
1359.0,49188
1374.0,1166
1408.0,10974
1486.0,46620
1782.0,162844
1814.0,93593
2077.0,99916
2121.0,90618
2161.0,28733
2185.0,75579
2199.0,105146
2214.0,13948
2234.0,6864
2235.0,11394
2450.0,31149
2521.0,30725
2693.0,19364
2958.0,3680
3099.0,2039
3117.0,8843
3119.0,4179
3387.0,3597
3397.0,1628
3457.0,8594
3604.0,1889
3725.0,193
3803.0,562
3835.0,8867
3839.0,1773
3911.0,36
4012.0,289
188.0,21515
196.0,8480
324.0,6028
353.0,39749
410.0,14455
461.0,71617
472.0,10716
511.0,36425
527.0,17387
627.0,58010
779.0,36753
819.0,55616
832.0,88846
1090.0,114089
1115.0,14485
1253.0,80453
1364.0,47997
1445.0,7498
1467.0,50721
1810.0,18063
1860.0,14386
2312.0,2238
2315.0,2178
2680.0,95022
2794.0,108734
2887.0,27849
2927.0,2241
2951.0,1580
3021.0,12707
3145.0,1847
3155.0,35072
3255.0,11519
3500.0,2161
3534.0,730
3572.0,804
3614.0,1748
3718.0,5853
3853.0,128
3943.0,587
3956.0,1435
36.0,24831
129.0,51550
322.0,48167
493.0,34726
691.0,37145
850.0,16466
972.0,40329
1010.0,134903
1163.0,50802
1358.0,18681
1549.0,683
1584.0,7089
1598.0,192372
1639.0,60694
1718.0,18091
1755.0,49503
1850.0,10655
2016.0,29437
2045.0,21119
2076.0,17675
2422.0,19501
2570.0,2887
2578.0,27012
2801.0,132838
3069.0,1142
3073.0,56760
3153.0,3926
3197.0,3933
3276.0,2709
3400.0,443
3463.0,2598
3874.0,5496
4.0,10000
15.0,80165
44.0,14693
78.0,8457
179.0,5042
715.0,66323
838.0,47187
926.0,8471
1013.0,81252
1305.0,7512
1585.0,40999
1958.0,3057
2114.0,13842
2289.0,29300
2477.0,26117
2835.0,62757
2946.0,2103
3012.0,3444
3070.0,63628
3076.0,8193
3324.0,9164
3556.0,4636
3580.0,1580
3642.0,2754
3709.0,4174
3712.0,1702
3760.0,724
3875.0,432
3893.0,366
4044.0,1227
4065.0,286
326.0,22292
406.0,13245
422.0,67758
436.0,8519
548.0,36551
549.0,67077
642.0,7060
680.0,3329
774.0,189955
949.0,27063
1146.0,72418
1154.0,345779
1169.0,52807
1273.0,48654
1389.0,5985
1409.0,158051
1641.0,39541
1716.0,55994
1738.0,4907
1792.0,138609
2098.0,27917
2134.0,18418
2238.0,85919
2245.0,41720
2440.0,62766
2525.0,16871
2550.0,31391
2583.0,89590
2605.0,23389
2669.0,2594
2778.0,1417
2890.0,1871
2915.0,4779
3152.0,3985
3234.0,1692
3248.0,3064
3272.0,5810
3319.0,6462
3423.0,3302
3562.0,18265
3597.0,7830
3688.0,4189
3807.0,139
41.0,18449
167.0,599
225.0,9849
399.0,20050
537.0,69127
622.0,10807
719.0,12232
731.0,54849
1052.0,44281
1104.0,23433
1259.0,117021
1337.0,58815
1452.0,51180
1661.0,18640
1695.0,79256
1737.0,51378
1822.0,22125
1862.0,210524
1926.0,2273
2113.0,68426
2128.0,101391
2156.0,9203
2198.0,7394
2204.0,17659
2230.0,122467
2368.0,52872
2408.0,28433
2418.0,27301
2500.0,26588
2503.0,96074
2564.0,18537
2590.0,97268
2620.0,76421
2747.0,8888
2819.0,6496
2848.0,195034
2860.0,5388
3186.0,6815
3254.0,6414
3495.0,4306
3660.0,6854
103.0,594
206.0,19871
350.0,13708
363.0,22820
466.0,58608
521.0,25524
559.0,5376
593.0,8259
771.0,1935
786.0,35865
1009.0,11150
1058.0,133812
1144.0,1339
1145.0,126622
1178.0,50270
1404.0,56876
1423.0,131824
1433.0,39397
1506.0,82553
1558.0,36195
1571.0,2667
1572.0,60890
1693.0,71966
1731.0,3361
1828.0,75723
2216.0,6183
2247.0,627
2393.0,29273
2405.0,69016
2460.0,25270
2574.0,258
2577.0,95390
2585.0,2221
2611.0,12049
2735.0,37651
2868.0,93041
2896.0,37501
2999.0,4901
3072.0,2622
3173.0,6390
3578.0,13354
3683.0,2337
3776.0,912
3800.0,775
3815.0,1406
3909.0,2819
3932.0,772
4010.0,1433
34.0,26116
177.0,23190
337.0,35610
505.0,25763
524.0,74146
667.0,5801
671.0,45304
738.0,148337
911.0,34795
1068.0,51557
1081.0,895754
1086.0,20324
1092.0,1179
1243.0,79597
1249.0,170179
1668.0,87159
1700.0,243658
1923.0,149157
1928.0,1309
1943.0,255971
1956.0,9642
2109.0,139990
2170.0,132257
2276.0,1378
2326.0,24592
2347.0,16308
2462.0,13811
2496.0,791
2507.0,9928
2523.0,12040
2658.0,71735
2697.0,1240
2732.0,2365
2751.0,35805
2800.0,121620
2831.0,78853
2923.0,53255
2963.0,7949
2965.0,2245
3038.0,1145
3192.0,937
3320.0,228
3352.0,45075
3394.0,824
3566.0,3116
3602.0,2037
3848.0,774
4046.0,74
33.0,135596
123.0,21394
180.0,1510
402.0,23930
469.0,6324
504.0,68857
578.0,57728
591.0,10385
634.0,4279
714.0,21107
777.0,75298
866.0,6140
885.0,40203
1157.0,91458
1181.0,99027
1533.0,3221
1664.0,2905
1690.0,92389
1714.0,15124
1752.0,2719
1909.0,9982
2211.0,91709
2251.0,832
2629.0,30973
2686.0,19554
2760.0,107266
2903.0,5361
2939.0,3555
3040.0,560
3260.0,303
3288.0,7151
3336.0,10390
3412.0,4110
3734.0,2164
3771.0,96
3867.0,33
3880.0,359
3903.0,1912
3923.0,189
4062.0,1765
47.0,142145
131.0,14727
151.0,2753
330.0,17011
457.0,5876
544.0,63585
618.0,27152
706.0,89072
716.0,73337
1123.0,8291
1218.0,114687
1464.0,1156
1674.0,4483
1685.0,125979
1717.0,50606
1732.0,80457
1740.0,44666
1955.0,4377
2279.0,14936
2296.0,30983
2342.0,65298
2444.0,43359
2758.0,46813
3098.0,6252
3317.0,402
3391.0,741
3616.0,526
3619.0,1317
3621.0,168
3864.0,390
3898.0,1079
3904.0,7244
3974.0,1295
4049.0,218
250.0,23940
279.0,5674
357.0,11888
617.0,141031
713.0,21133
725.0,62809
754.0,18074
824.0,2055
921.0,69359
1078.0,11747
1417.0,92825
1441.0,853
1468.0,176435
1688.0,26640
1978.0,116963
1995.0,117939
2229.0,2724
2270.0,10669
2365.0,56306
2382.0,12302
2473.0,18228
2795.0,451
2924.0,3282
2992.0,3251
3028.0,77360
3480.0,1400
3482.0,475
3511.0,2268
3818.0,1663
3983.0,2274
3995.0,1325
4082.0,199
181.0,34816
261.0,79009
265.0,22214
342.0,57313
560.0,51215
749.0,3699
753.0,26757
1076.0,20893
1197.0,60101
1209.0,4867
1476.0,195696
1483.0,80235
1552.0,118496
1845.0,7650
2046.0,125556
2066.0,9947
2110.0,113792
2133.0,58103
2180.0,21596
2357.0,94707
2376.0,60017
2838.0,5284
2894.0,81264
3498.0,990
3508.0,979
3509.0,9587
3623.0,2797
3756.0,120
3763.0,1153
3963.0,451
4028.0,524
66.0,9935
308.0,85501
310.0,19938
389.0,62375
450.0,7858
481.0,155409
538.0,19415
1164.0,11682
1166.0,156530
1267.0,866
1680.0,75012
1857.0,12647
1919.0,45505
2207.0,27346
2237.0,1744
2302.0,4898
2367.0,21229
2448.0,9661
2609.0,18577
2780.0,21009
2980.0,138
3165.0,191
3182.0,39743
3191.0,7916
3309.0,5028
3311.0,1179
3547.0,2192
3638.0,2298
3661.0,4026
3804.0,258
3890.0,49
3914.0,2708
3947.0,925
4039.0,10643
205.0,5195
306.0,21744
341.0,25801
637.0,4952
730.0,52167
769.0,69731
789.0,29541
793.0,60580
913.0,28314
991.0,84977
1108.0,10326
1581.0,36059
1600.0,97397
1645.0,30719
1663.0,54820
1762.0,10581
1827.0,27071
2100.0,15138
2213.0,71590
2310.0,128227
2427.0,27661
2451.0,113400
2626.0,4142
2777.0,99647
2792.0,151452
2807.0,14587
2932.0,9327
2959.0,3573
2994.0,2508
3044.0,45885
3103.0,12150
3335.0,4882
3390.0,3128
3470.0,9255
3526.0,6507
3950.0,197
4051.0,345
43.0,56088
64.0,8570
68.0,12990
145.0,166154
502.0,11248
614.0,55905
803.0,19387
880.0,208914
909.0,2686
922.0,12720
940.0,838
1097.0,125685
1156.0,12254
1260.0,148432
1485.0,45309
1541.0,119772
1770.0,12004
1930.0,3063
2053.0,122527
2108.0,40023
2145.0,14921
2171.0,5355
2361.0,41079
2449.0,47823
2573.0,1015
2818.0,3290
2873.0,2332
2949.0,82520
3277.0,9172
3386.0,2049
3419.0,171
3784.0,3643
4040.0,1273
4047.0,1938
156.0,5190
164.0,28496
175.0,2684
327.0,2328
440.0,91766
448.0,28897
543.0,34727
556.0,16957
655.0,1903
692.0,11843
763.0,2314
962.0,23848
1027.0,63988
1050.0,3246
1106.0,7161
1133.0,3215
1160.0,2921
1292.0,114659
1382.0,436
1386.0,193344
1633.0,14977
1710.0,120782
1742.0,22890
2041.0,63849
2052.0,70741
2058.0,3499
2305.0,31780
2381.0,33254
2466.0,60664
2491.0,73202
2617.0,936
2643.0,2010
2699.0,45630
2729.0,14279
2759.0,1400
2809.0,24729
2837.0,35284
2942.0,32088
3081.0,3016
3183.0,901
3392.0,2156
3416.0,3524
3544.0,3941
3726.0,8815
3919.0,632
142.0,4708
260.0,35534
295.0,55996
546.0,193942
588.0,34169
599.0,32630
751.0,18100
765.0,86389
1016.0,96723
1020.0,2819
1024.0,53880
1263.0,133587
1573.0,45506
1830.0,115372
2275.0,312
2277.0,5806
2352.0,36027
2654.0,42803
2695.0,5126
2898.0,125239
2929.0,121358
2972.0,13822
3024.0,3915
3284.0,3704
3305.0,5231
3433.0,6318
3888.0,1391
4013.0,1736
94.0,4585
132.0,12404
270.0,18583
329.0,18139
379.0,33098
421.0,28056
434.0,164160
571.0,48441
702.0,1421
764.0,41493
859.0,14079
887.0,25821
930.0,1635
1174.0,82636
1183.0,52102
1193.0,51775
1232.0,88534
1329.0,39264
1397.0,186708
1426.0,2503
1502.0,133182
1534.0,139650
1677.0,40569
1723.0,76516
1750.0,59655
1858.0,6319
1945.0,6466
1986.0,104161
2071.0,3690
2096.0,157476
2220.0,8780
2255.0,2817
2271.0,10360
2286.0,42100
2425.0,21417
2696.0,31739
2961.0,77349
3029.0,1100
3123.0,1172
3274.0,6849
3408.0,6096
3576.0,1174
3824.0,4736
4007.0,1260
4014.0,1797
4063.0,1713
271.0,14827
302.0,64065
314.0,1924
444.0,6328
575.0,25212
613.0,25167
737.0,9649
816.0,4227
847.0,22837
950.0,19138
1109.0,14571
1325.0,1728
1391.0,1377
1457.0,88142
1596.0,103854
1890.0,85733
1894.0,14338
1962.0,1940
2010.0,6613
2253.0,13216
2283.0,4999
2348.0,19575
2428.0,70823
2437.0,80695
2555.0,48111
2856.0,2046
3011.0,80620
3141.0,3401
3146.0,2589
3221.0,1630
3409.0,1181
3577.0,79922
3737.0,3639
3930.0,2647
4023.0,403
5.0,1753
198.0,17420
316.0,17869
653.0,24265
756.0,28109
813.0,25211
815.0,5325
929.0,49726
955.0,73932
1012.0,7371
1082.0,13449
1110.0,15062
1170.0,44972
1341.0,1816
1347.0,14259
1434.0,11729
1522.0,17486
1557.0,45388
1568.0,42247
1580.0,63516
1681.0,111022
1767.0,88733
1957.0,128016
1981.0,2160
2081.0,6582
2223.0,17794
2242.0,16567
2307.0,36738
2309.0,22130
2350.0,116852
2492.0,26815
2805.0,3332
2962.0,18446
3115.0,4409
3171.0,7529
3321.0,3378
3343.0,310
3554.0,1264
3672.0,4848
3692.0,1065
3801.0,4559
3952.0,1211
3968.0,1498
3976.0,1031
4005.0,3094
59.0,9945
171.0,4512
241.0,18523
365.0,6943
373.0,16857
409.0,80596
495.0,8249
497.0,4040
893.0,105643
975.0,4799
1046.0,33468
1258.0,17635
1510.0,32724
1589.0,36652
1666.0,28099
1673.0,22353
1733.0,20135
1871.0,7687
1895.0,6729
2012.0,38600
2042.0,4763
2244.0,106781
2340.0,8532
2403.0,68519
2455.0,4277
2481.0,5606
2497.0,116745
2798.0,1974
2902.0,4446
2937.0,4684
2938.0,6015
2941.0,11609
3125.0,2096
3138.0,785
3184.0,10416
3207.0,2759
3233.0,139
3375.0,12466
3402.0,1382
3474.0,4807
3517.0,1356
3590.0,451
3593.0,84823
3633.0,3203
3668.0,5967
3700.0,1219
1.0,1113
58.0,25582
98.0,25398
119.0,21484
207.0,28375
644.0,57494
755.0,12182
817.0,195084
914.0,18242
978.0,92017
1118.0,34661
1191.0,44944
1230.0,11080
1231.0,75107
1384.0,29675
1745.0,315977
1797.0,125248
1963.0,36150
2446.0,1402
2552.0,53131
2553.0,1650
3131.0,3961
3228.0,4300
3241.0,3915
3338.0,907
3445.0,7823
3478.0,4224
3481.0,1981
3685.0,708
3825.0,12154
3863.0,1462
3891.0,2906
4000.0,1039
60.0,42954
81.0,3643
232.0,76985
447.0,159481
581.0,43068
607.0,26575
848.0,67312
862.0,81561
901.0,593258
1036.0,124381
1175.0,79595
1239.0,150747
1274.0,132600
1478.0,102362
1687.0,44003
1899.0,246057
1933.0,79926
1948.0,10883
2001.0,30456
2036.0,1529
2080.0,54234
2224.0,28952
2329.0,4570
2430.0,2652
2581.0,861
2702.0,33190
2843.0,14028
2855.0,27337
2875.0,4362
3025.0,2575
3058.0,1107
3294.0,8438
3381.0,6936
3545.0,508
3567.0,710
3612.0,1837
3748.0,3774
3820.0,907
3902.0,280
3998.0,2388
4022.0,1651
191.0,10581
249.0,14472
344.0,31453
397.0,57839
872.0,59352
942.0,43425
971.0,3512
995.0,2937
1116.0,37861
1276.0,6062
1283.0,93480
1287.0,73285
1314.0,5787
1385.0,95845
1473.0,87915
1743.0,68669
1833.0,49123
2212.0,1619
2318.0,5028
2465.0,34671
2505.0,49607
2549.0,9713
2554.0,52086
2764.0,67612
2948.0,152705
2971.0,84934
3417.0,3429
3444.0,899
3788.0,613
3823.0,6590
3988.0,1531
3997.0,1710
61.0,31453
417.0,50553
507.0,4585
534.0,28872
620.0,90395
647.0,65611
722.0,7593
867.0,35617
1028.0,66601
1141.0,5502
1289.0,30632
1328.0,2775
1415.0,94555
1487.0,66850
1493.0,1046
1516.0,88417
1744.0,173868
1867.0,155021
1938.0,91833
2257.0,130289
2761.0,15966
2893.0,5658
3071.0,10909
3271.0,10803
3440.0,16681
3657.0,278
3717.0,8611
3779.0,61
3812.0,187
4016.0,550
163.0,35943
298.0,14533
486.0,29652
513.0,11201
596.0,20506
717.0,4086
879.0,5939
892.0,159678
981.0,1526
1037.0,3724
1236.0,146025
1376.0,52730
1428.0,72752
1469.0,396
1492.0,6021
1634.0,52803
1823.0,28242
1868.0,40686
2003.0,99909
2023.0,55219
2515.0,3897
2546.0,60818
2586.0,7100
2714.0,65801
2749.0,2449
2830.0,9414
2849.0,877
2984.0,5771
3130.0,50374
3187.0,9091
3246.0,54691
3318.0,239
3459.0,1240
3520.0,14320
3536.0,3510
3648.0,2159
3796.0,183
3896.0,1283
3925.0,587
3954.0,1311
4006.0,2254
429.0,19972
458.0,31500
476.0,12520
503.0,27919
569.0,77468
736.0,60336
907.0,28714
992.0,905
1117.0,39403
1221.0,89823
1455.0,5094
1574.0,61630
1651.0,37835
1705.0,54243
1756.0,8802
1790.0,22180
1863.0,60113
1924.0,32552
1929.0,80229
2142.0,122579
2301.0,148386
2510.0,13905
2650.0,418
2712.0,26479
2866.0,2174
3016.0,1090
3524.0,18682
3564.0,1990
3691.0,2636
3719.0,2720
3740.0,5158
3894.0,7682
4011.0,1061
11.0,49756
14.0,21173
83.0,1857
120.0,3178
276.0,24661
760.0,69394
1011.0,1559
1049.0,137819
1056.0,111708
1151.0,25077
1171.0,16576
1214.0,87406
1362.0,128696
1367.0,27092
1403.0,45631
1465.0,85184
1539.0,87499
1548.0,67865
1684.0,40357
1729.0,20429
1949.0,129588
1954.0,153215
2102.0,2412
2321.0,93837
2323.0,1464
2433.0,3413
2556.0,21284
2631.0,2080
2634.0,11617
2742.0,1524
2773.0,2896
3000.0,3304
3015.0,6260
3056.0,2873
3136.0,83353
3185.0,84763
3454.0,513
3465.0,3624
3516.0,374
3639.0,2504
3651.0,689
3694.0,1355
3906.0,2661
3948.0,1870
3961.0,1280
4045.0,173
97.0,26616
182.0,13549
246.0,43562
346.0,11055
368.0,15375
564.0,37106
775.0,7231
845.0,41765
888.0,4801
1098.0,126012
1122.0,91467
1150.0,76068
1353.0,103809
1565.0,148081
1582.0,43781
1597.0,117264
2130.0,3199
2149.0,3271
2163.0,41642
2471.0,33497
2668.0,2939
2728.0,4424
2750.0,4789
3027.0,70704
3150.0,8892
3279.0,4616
3377.0,2164
3442.0,2176
3489.0,334
3513.0,5247
3677.0,4455
3851.0,320
3876.0,2537
3937.0,1591
4054.0,115
4087.0,6107
25.0,4751
79.0,83854
96.0,21031
426.0,150970
512.0,32542
568.0,25959
612.0,58196
651.0,32001
659.0,53819
670.0,109310
700.0,5118
952.0,180434
979.0,50279
982.0,26200
1019.0,1678
1228.0,22255
1279.0,55472
1327.0,7600
1339.0,76387
1401.0,17002
1443.0,1456
1470.0,3907
1649.0,29608
1734.0,26015
1773.0,105585
1891.0,24009
1997.0,29916
2072.0,204195
2250.0,8764
2362.0,23774
2511.0,189971
2940.0,2328
3278.0,498
3299.0,2206
3322.0,2915
3553.0,1295
3583.0,19309
3928.0,971
3964.0,2290
53.0,21466
148.0,45167
281.0,49739
355.0,14429
391.0,5144
496.0,8672
615.0,27206
645.0,37778
656.0,14382
828.0,4311
860.0,7279
910.0,116060
1015.0,2721
1101.0,289615
1140.0,51203
1203.0,43557
1282.0,45497
1318.0,54170
1418.0,3007
1427.0,105577
1447.0,274544
1545.0,71128
1622.0,159023
1754.0,33320
1808.0,74406
1838.0,705
1877.0,61152
1961.0,9014
2388.0,97927
2478.0,68844
2623.0,38036
2648.0,922
2723.0,42571
2816.0,69965
2820.0,752
2920.0,2748
3067.0,5391
3121.0,8218
3283.0,817
3398.0,2741
3830.0,1036
3837.0,3186
229.0,4732
449.0,31135
565.0,66243
693.0,3959
834.0,8564
939.0,40761
958.0,110654
1006.0,2723
1060.0,97236
1064.0,177809
1165.0,89205
1444.0,14926
1503.0,65780
1679.0,270279
1800.0,47595
1901.0,12856
2148.0,27669
2219.0,6906
2236.0,22560
2359.0,83532
2519.0,48840
2562.0,9223
2789.0,66521
2812.0,46488
3005.0,2467
3007.0,3094
3041.0,8029
3116.0,3115
3374.0,4375
3601.0,747
3650.0,6556
3664.0,956
3899.0,58
3942.0,9937
4080.0,189
278.0,28370
367.0,36046
427.0,34008
967.0,133047
1014.0,1906
1031.0,14356
1072.0,35070
1155.0,35593
1194.0,120613
1363.0,100484
1520.0,18175
1940.0,99073
1977.0,9965
2065.0,31013
2075.0,77904
2164.0,39920
2298.0,5431
2392.0,36205
2561.0,162587
2613.0,68051
2741.0,30460
2790.0,42888
2803.0,17454
2869.0,7340
2871.0,5319
2888.0,1176
2967.0,425
2988.0,60
3075.0,7405
3158.0,880
3315.0,1546
3528.0,617
3561.0,4909
3634.0,12839
3794.0,2935
3938.0,439
3939.0,2664
3966.0,290
49.0,13025
107.0,69758
118.0,19948
174.0,3503
233.0,3148
609.0,36791
611.0,80292
925.0,18532
1075.0,109010
1189.0,19112
1245.0,90367
1402.0,104818
1439.0,88134
1892.0,228959
2006.0,21342
2020.0,35827
2064.0,60157
2094.0,3619
2103.0,8508
2120.0,1013
2324.0,127769
2776.0,1704
2783.0,5014
2810.0,1762
3083.0,6784
3223.0,34508
3236.0,2595
3240.0,3359
3267.0,2510
3289.0,2986
3354.0,7479
3358.0,7678
3414.0,2128
3497.0,3512
3505.0,481
4024.0,761
115.0,76385
293.0,8615
390.0,6376
424.0,11730
509.0,78647
626.0,6876
638.0,61665
843.0,65550
964.0,26051
1102.0,3124
1587.0,92697
1654.0,172830
1910.0,90813
1921.0,17102
1979.0,7162
2015.0,73092
2138.0,32908
2339.0,11895
2384.0,85145
2412.0,41887
2489.0,10724
2543.0,16630
2687.0,2614
2739.0,88363
2854.0,4716
2863.0,4001
2889.0,1963
3020.0,2502
3066.0,82152
3154.0,335
3161.0,1175
3242.0,2534
3258.0,9923
3265.0,1820
3275.0,543
3464.0,5408
3533.0,1027
3644.0,3554
3926.0,1010
4083.0,11
69.0,22613
290.0,86510
610.0,32119
877.0,27221
1022.0,8847
1458.0,895
1471.0,39922
1699.0,14097
1715.0,117567
1757.0,176323
1920.0,957
2063.0,51549
2188.0,21328
2390.0,71373
2475.0,33742
2529.0,77950
2627.0,11942
2707.0,43763
3245.0,14428
3281.0,8178
3346.0,2779
3357.0,87
3367.0,1283
3372.0,2309
3389.0,1095
3615.0,951
4089.0,41
91.0,25172
251.0,7485
320.0,12263
408.0,95954
419.0,36247
616.0,7982
697.0,35915
733.0,36949
957.0,65840
1048.0,172042
1055.0,140242
1132.0,254066
1240.0,52068
1349.0,190572
1405.0,43791
1488.0,20368
1551.0,79605
1621.0,65051
1653.0,119938
1852.0,41733
2002.0,3102
2091.0,76896
2202.0,47292
2413.0,68827
2415.0,9911
2513.0,698
2720.0,80203
2956.0,1910
3018.0,1664
3110.0,52531
3128.0,5262
3425.0,2240
3548.0,2717
3579.0,3725
3629.0,6639
3746.0,3573
3797.0,1953
3910.0,180
8.0,20753
256.0,16765
343.0,19305
439.0,13113
478.0,29469
489.0,38886
498.0,12976
576.0,18449
648.0,19979
906.0,777
1317.0,939
1343.0,23082
1499.0,86800
1546.0,82468
1556.0,177039
1625.0,43771
1659.0,2424
1670.0,91813
1701.0,62009
1855.0,1979
1947.0,91513
2267.0,38607
2278.0,18129
2303.0,5939
2544.0,28828
2547.0,1227
2659.0,82976
2719.0,112422
2858.0,7432
3063.0,9334
3148.0,193
3162.0,3239
3261.0,179
3293.0,1479
3298.0,7013
3348.0,3734
3378.0,23702
3624.0,962
3778.0,1767
3856.0,1696
3905.0,557
13.0,16190
161.0,7390
228.0,20753
286.0,40370
676.0,54878
695.0,5283
710.0,45245
750.0,20979
931.0,5265
959.0,35156
973.0,280763
1007.0,41449
1065.0,119934
1111.0,113972
1129.0,11999
1159.0,14199
1206.0,72990
1540.0,7640
1612.0,5583
1636.0,51001
1769.0,309780
2086.0,33085
2397.0,3349
2526.0,11647
2568.0,45905
2717.0,1158
2957.0,4693
2989.0,73063
2995.0,17653
3196.0,55713
3518.0,9828
3589.0,4859
3626.0,1352
3701.0,539
3855.0,795
4019.0,6320
4078.0,858
4081.0,24
4085.0,40
146.0,5319
166.0,31722
231.0,7998
294.0,33199
384.0,40750
433.0,38371
482.0,13662
514.0,16199
587.0,45096
646.0,45647
734.0,118247
788.0,9195
996.0,98581
1285.0,101251
1340.0,56839
1494.0,17538
1531.0,31527
1595.0,55411
1720.0,89707
1932.0,40399
1952.0,35399
1984.0,21432
2060.0,76391
2087.0,108335
2146.0,107
2375.0,41826
2414.0,540
2614.0,5890
2662.0,18099
2692.0,9836
2716.0,25331
2926.0,64858
2966.0,2605
3009.0,49307
3106.0,3882
3149.0,3099
3168.0,8851
3203.0,6176
3471.0,11450
3539.0,1514
3631.0,695
3868.0,165
3970.0,2329
3975.0,574
4073.0,133
312.0,9637
385.0,34671
666.0,4368
720.0,148611
830.0,1116
840.0,2814
993.0,37597
999.0,54313
1096.0,15283
1291.0,58805
1352.0,39623
1477.0,824
1484.0,47277
1635.0,66701
1841.0,66772
1847.0,78846
1873.0,48704
1994.0,58935
2084.0,42958
2182.0,7371
2203.0,49139
2398.0,67463
2461.0,127961
2512.0,30365
2649.0,441
2652.0,4775
2666.0,5083
2673.0,786
2918.0,3324
2978.0,6546
3156.0,105630
3549.0,1037
3552.0,376
3749.0,499
16.0,29266
51.0,70925
185.0,26345
392.0,17273
431.0,15053
583.0,12478
631.0,19566
758.0,36672
871.0,80544
924.0,7908
1311.0,108010
1395.0,185293
1466.0,61777
1844.0,33492
1881.0,100626
1884.0,50337
1898.0,1242
1925.0,223399
1937.0,5893
2024.0,8966
2030.0,1489
2152.0,133212
2177.0,127025
2337.0,17391
2597.0,3640
2734.0,190
2740.0,114554
3050.0,724
3112.0,764
3170.0,6336
3212.0,3295
3224.0,9292
3349.0,7660
3388.0,2928
3532.0,17605
3538.0,580
3750.0,152
3980.0,6719
4017.0,1922
4070.0,1297
4091.0,2727
194.0,54576
200.0,19110
240.0,2750
257.0,12107
288.0,13615
332.0,21034
358.0,21901
432.0,36002
468.0,48901
510.0,41033
600.0,12236
768.0,79904
826.0,25690
919.0,52017
1053.0,34986
1288.0,93691
1330.0,128574
1350.0,96747
1387.0,1390
1419.0,1828
1803.0,146487
1851.0,40395
1865.0,79667
1931.0,708
1936.0,3696
2092.0,4911
2093.0,15523
2195.0,71133
2380.0,32467
2763.0,6172
2767.0,36956
2845.0,33434
3091.0,84050
3157.0,3529
3199.0,1399
3231.0,25176
3327.0,5407
3365.0,224
3406.0,42577
3504.0,1659
3523.0,797
3560.0,6512
3653.0,3391
3693.0,10114
3702.0,3964
3715.0,2890
3769.0,68
3860.0,495
4086.0,123
65.0,31428
80.0,9549
297.0,5634
553.0,34382
606.0,32540
932.0,172111
1216.0,1969
1256.0,104741
1333.0,173536
1496.0,779
1553.0,135100
1704.0,166364
1902.0,24929
2055.0,148326
2106.0,123951
2135.0,101051
2172.0,37104
2192.0,78958
2222.0,96087
2268.0,52272
2615.0,636
2633.0,53023
2711.0,17496
2824.0,11990
2834.0,121003
2841.0,10016
2851.0,71410
2904.0,103253
3019.0,10739
3087.0,4326
3129.0,7437
3229.0,2280
3420.0,1528
3646.0,2006
3729.0,1002
3767.0,86
3842.0,2647
3861.0,15863
3908.0,89
3987.0,2197
4072.0,244
12.0,20648
140.0,3394
277.0,76431
423.0,14207
462.0,10520
523.0,20760
526.0,27561
701.0,10993
818.0,5415
1158.0,14961
1261.0,27689
1271.0,74935
1275.0,3688
1323.0,40487
1334.0,66498
1407.0,60755
1462.0,356
1640.0,18264
2139.0,73637
2495.0,8149
2947.0,85711
3078.0,1762
3230.0,3575
3290.0,9270
3401.0,3308
3485.0,3988
3675.0,514
3826.0,261
4055.0,1429
4077.0,386
4088.0,90
126.0,15481
215.0,5595
415.0,17038
465.0,13499
558.0,35266
782.0,39728
891.0,55499
1112.0,92747
1220.0,39746
1286.0,92375
1326.0,123080
1524.0,103915
1611.0,43338
2043.0,75449
2193.0,98914
2208.0,2720
2299.0,31665
2300.0,59080
2330.0,79298
2485.0,42676
2540.0,352
2602.0,115473
2610.0,2276
2802.0,4975
2907.0,14231
2912.0,2416
2952.0,9484
3094.0,5495
3124.0,11044
3443.0,1906
3535.0,1073
3745.0,9145
3834.0,1497
21.0,10386
28.0,17836
75.0,7338
130.0,6574
147.0,33758
477.0,63429
579.0,36843
780.0,4324
785.0,97579
1139.0,60343
1192.0,24474
1195.0,16428
1440.0,96138
1566.0,145089
1623.0,2593
1667.0,63498
1726.0,31551
1826.0,267110
1974.0,7223
2022.0,10455
2157.0,119014
2311.0,86976
2373.0,26781
2374.0,40376
2379.0,60734
2571.0,1879
2698.0,811
2811.0,184557
2862.0,24715
3226.0,10954
3605.0,234
3699.0,5068
3736.0,147
3889.0,370
3972.0,1310
19.0,60769
418.0,29757
430.0,6058
545.0,23430
561.0,90859
661.0,29907
721.0,7430
792.0,17097
835.0,6602
839.0,4123
895.0,6168
1227.0,4732
1233.0,60407
1310.0,96144
1354.0,2665
1489.0,126336
1689.0,44854
1831.0,38299
1842.0,25201
1964.0,137891
1993.0,41021
2179.0,22709
2493.0,827
2528.0,15952
2551.0,31124
2598.0,28990
2970.0,44295
3111.0,3148
3118.0,5151
3204.0,4122
3253.0,4398
3403.0,9329
3473.0,3898
3522.0,1825
3637.0,4705
3817.0,892
3828.0,1241
3879.0,87
3881.0,546
4066.0,735
371.0,27634
403.0,19939
685.0,46826
836.0,140482
905.0,4945
1005.0,92200
1074.0,44495
1085.0,23161
1297.0,46547
1505.0,3999
1563.0,82691
1605.0,29408
1698.0,235327
1727.0,26137
1753.0,55746
1801.0,76252
1816.0,24922
2124.0,196250
2166.0,99560
2356.0,11182
2442.0,4885
2445.0,51139
2474.0,53670
2517.0,33650
2542.0,78171
2567.0,34974
2618.0,82447
2637.0,89296
2827.0,956
3047.0,4006
3340.0,2885
3364.0,1324
3527.0,921
3537.0,584
3673.0,956
3754.0,1031
3836.0,100
3850.0,210
4034.0,1932
4075.0,400
10.0,31551
71.0,4289
106.0,2608
114.0,16954
239.0,26762
274.0,6028
335.0,3477
566.0,5268
668.0,83053
966.0,43467
1264.0,41275
1394.0,20296
1525.0,244449
1672.0,38558
1696.0,29127
2155.0,67065
2194.0,12162
2429.0,11917
2447.0,164759
2791.0,61076
2979.0,64043
3013.0,5476
3043.0,20119
3287.0,3552
3496.0,4648
3588.0,5237
3603.0,1044
3613.0,5811
3821.0,166
3981.0,1689
57.0,19428
441.0,34856
455.0,13118
574.0,19036
757.0,4400
825.0,35280
904.0,34080
948.0,75566
1088.0,140067
1095.0,35466
1371.0,113562
1567.0,15704
1577.0,59849
1748.0,39419
2097.0,201363
2158.0,1963
2579.0,77631
2688.0,6888
2987.0,7561
3122.0,3778
3306.0,6840
3462.0,6799
3703.0,961
3783.0,283
3869.0,744
9.0,34121
124.0,10968
176.0,41226
319.0,14770
530.0,2514
555.0,12470
726.0,71919
811.0,163616
987.0,64910
1030.0,137382
1044.0,12912
1100.0,86581
1247.0,124533
1610.0,60331
1637.0,44579
1878.0,54842
1915.0,8104
2011.0,778
2186.0,59996
2233.0,57433
2272.0,31755
2480.0,227
2587.0,16699
2861.0,21561
2991.0,52698
3163.0,11895
3262.0,13910
3266.0,3560
3339.0,11546
3502.0,3318
3563.0,465
3608.0,4640
3724.0,5540
3758.0,200
3915.0,12
3996.0,1012
4037.0,306
