pick_up_intersection,count
52.0,5926
112.0,50640
154.0,670
212.0,8687
577.0,4824
641.0,28818
662.0,78776
823.0,22215
994.0,126035
1051.0,121482
1063.0,11596
1265.0,81246
1379.0,2594
1719.0,1067
1806.0,41415
2143.0,39546
2263.0,117733
2467.0,123383
2588.0,35503
2601.0,40640
2730.0,5448
2821.0,908
2826.0,201
3010.0,56
3074.0,11048
3383.0,1913
3594.0,90
3741.0,51
3789.0,1575
3945.0,3
18.0,15638
398.0,106575
442.0,56468
452.0,36042
463.0,36291
488.0,20353
639.0,18871
881.0,30707
970.0,130423
1235.0,16982
1430.0,28505
1631.0,130324
2494.0,100990
2498.0,1845
2508.0,14386
2624.0,42752
2721.0,192
2753.0,42104
2876.0,238
3059.0,419
3109.0,56274
3142.0,4452
3177.0,223
3436.0,85
3635.0,585
3762.0,8373
3766.0,39
3883.0,3
101.0,53253
149.0,1017
192.0,4898
267.0,39214
303.0,233534
334.0,88494
395.0,48075
541.0,16999
632.0,29955
635.0,7777
742.0,56777
798.0,3320
806.0,2477
831.0,4011
833.0,104842
865.0,230041
923.0,329
1067.0,113853
1099.0,6521
1345.0,5879
1412.0,1351
1438.0,83960
1536.0,85356
2088.0,28787
2189.0,55730
2210.0,57677
2424.0,11373
2434.0,11615
2463.0,450
2509.0,3889
2545.0,914
2604.0,10013
2640.0,73577
2726.0,76200
2762.0,907
2953.0,42269
2982.0,99807
2997.0,9152
3467.0,344
3531.0,1260
3625.0,220
3831.0,588
4020.0,47
4025.0,17
4053.0,20
184.0,2255
311.0,49930
386.0,10029
387.0,84683
663.0,107613
884.0,129429
899.0,4786
960.0,1262
1094.0,8092
1190.0,36161
1272.0,73224
1390.0,81
1396.0,615
1562.0,99323
1703.0,115608
1722.0,163755
1786.0,1623
1791.0,240239
1829.0,161643
1914.0,55464
1965.0,28159
1988.0,640
2067.0,700
2209.0,2329
2218.0,32400
2486.0,77771
2530.0,43704
2619.0,2647
2678.0,72544
2722.0,1022
2899.0,775
3051.0,69529
3102.0,232
3273.0,13302
3411.0,121
3503.0,156
3512.0,34
3592.0,536
3733.0,136
3747.0,326
3755.0,49
3849.0,6037
20.0,11087
729.0,15796
989.0,5737
997.0,12142
1043.0,402146
1113.0,13963
1213.0,32238
1342.0,188
1481.0,76446
1785.0,56714
1793.0,133170
1825.0,30137
1864.0,23929
1876.0,1232
1896.0,85870
2074.0,2337
2504.0,815
2569.0,355
2852.0,71816
2900.0,178300
3033.0,10550
3214.0,567
3252.0,113
3313.0,13
3363.0,15
3407.0,10711
3530.0,99
3568.0,3214
3575.0,673
38.0,6852
67.0,3205
113.0,1422
499.0,41306
801.0,3344
912.0,247
941.0,248
956.0,18237
1034.0,460
1526.0,53436
1550.0,85770
1614.0,105972
1624.0,1624
1853.0,65489
1883.0,5609
2101.0,842
2332.0,25182
2772.0,95304
2785.0,58663
2884.0,648
3100.0,3470
3137.0,898
3296.0,20145
3395.0,28473
3424.0,2234
3450.0,791
3663.0,10041
3697.0,575
3710.0,49
3918.0,27
3.0,4193
136.0,50028
169.0,5830
315.0,103701
453.0,9284
602.0,6744
665.0,77426
708.0,36905
842.0,54188
894.0,18385
917.0,1707
1126.0,13629
1182.0,14963
1398.0,112160
1459.0,1170
1517.0,197386
1542.0,199446
1593.0,173823
1711.0,42721
1905.0,132203
1918.0,24402
2316.0,26502
2322.0,36624
2333.0,157917
2338.0,48969
2351.0,34090
2459.0,60059
2472.0,23729
2502.0,18167
2921.0,941
3135.0,235
3213.0,4927
3269.0,1170
3427.0,60
3808.0,320
3877.0,3033
4038.0,5
95.0,15450
109.0,51641
183.0,44549
210.0,9265
221.0,8916
359.0,28588
383.0,4183
416.0,3839
528.0,27405
589.0,60187
703.0,26014
791.0,141862
1029.0,25304
1152.0,5971
1180.0,1892
1237.0,8192
1244.0,58913
1370.0,1361
1697.0,42555
1771.0,101194
1788.0,3898
1799.0,127077
1861.0,33517
2154.0,25546
2363.0,51857
2386.0,41409
2482.0,136926
2580.0,5746
2829.0,24479
2993.0,1462
3089.0,630
3113.0,63405
3189.0,925
3345.0,7520
3430.0,888
3435.0,179
3761.0,103
3793.0,372
3829.0,249
3979.0,13
3982.0,19
4043.0,54
86.0,11024
116.0,23836
282.0,650
301.0,11405
378.0,3676
515.0,77842
633.0,127446
679.0,31044
741.0,1685
854.0,34216
878.0,4097
1137.0,1439
1185.0,128319
1208.0,258036
1222.0,24932
1294.0,301
1356.0,130523
1381.0,61892
1475.0,218573
1676.0,657
1772.0,18489
1897.0,39505
2079.0,32356
2280.0,146307
2314.0,50300
2454.0,21354
2671.0,29280
2689.0,553
2933.0,127
3166.0,9500
3243.0,32758
3353.0,388
3399.0,6716
3432.0,55
3469.0,13
3732.0,58
3742.0,92
3757.0,38
3805.0,1057
3816.0,49
3819.0,109
4076.0,35
235.0,1718
245.0,25021
305.0,21673
369.0,128598
580.0,133847
694.0,1625
767.0,3330
849.0,2335
963.0,231710
1054.0,1592
1161.0,103192
1176.0,44810
1642.0,82474
1798.0,45193
1811.0,1148
1839.0,189803
1904.0,33380
1968.0,1224
1992.0,1751
2140.0,17703
2246.0,31258
2258.0,846
2344.0,2015
2419.0,3760
2559.0,69259
2684.0,49057
2745.0,883
2748.0,4339
2781.0,112
2817.0,67627
3217.0,56875
3264.0,2317
3268.0,56675
3385.0,1600
3449.0,455
3477.0,3481
3484.0,3333
3682.0,440
3764.0,57
3775.0,65
3840.0,197
3873.0,344
40.0,32021
165.0,2168
226.0,57010
394.0,157241
494.0,24755
540.0,10824
619.0,6249
1114.0,43881
1207.0,39637
1215.0,143495
1266.0,97179
1301.0,33011
1560.0,59264
1606.0,2172
1946.0,26137
2059.0,1659
2061.0,27159
2607.0,262
2665.0,683
2704.0,66932
2708.0,1380
2839.0,451
2897.0,479
2969.0,55301
3164.0,117
3239.0,146
3295.0,43363
3351.0,2461
3376.0,858
3610.0,57
3696.0,8110
3781.0,89
3859.0,42
4009.0,180
26.0,17109
82.0,8717
105.0,9022
199.0,47783
217.0,42019
269.0,2442
284.0,2187
377.0,4505
438.0,56656
672.0,55267
858.0,38418
920.0,1835
983.0,54893
1021.0,81631
1039.0,112678
1219.0,165959
1277.0,111492
1599.0,63383
1660.0,2268
1662.0,42699
1764.0,39967
1875.0,40587
2162.0,1609
2349.0,40015
2484.0,96066
3003.0,35614
3046.0,70
3062.0,80
3097.0,7892
3194.0,12037
3251.0,962
3270.0,929
3323.0,41
3431.0,2230
3499.0,454
3795.0,160
3813.0,38
3957.0,30
4015.0,58
88.0,1599
252.0,16619
323.0,6307
336.0,78686
467.0,22419
572.0,1216
582.0,2373
623.0,49784
624.0,93573
625.0,20691
804.0,26759
886.0,30007
1135.0,106206
1513.0,55238
1529.0,41539
1655.0,183055
1796.0,34563
1849.0,126415
2173.0,78252
2221.0,98937
2934.0,1416
3092.0,1187
3104.0,27742
3169.0,1442
3396.0,142
3405.0,2084
3455.0,2298
3515.0,54
3521.0,167
3555.0,510
3773.0,304
3924.0,155
4059.0,8
125.0,1298
209.0,1543
219.0,23923
242.0,4849
247.0,35179
339.0,14939
674.0,43798
837.0,1508
873.0,166947
927.0,2191
990.0,26960
1162.0,46290
1201.0,40342
1306.0,44790
2105.0,18458
2254.0,67497
2325.0,57139
2395.0,38190
2431.0,812
2616.0,283
2647.0,153
2715.0,60474
2914.0,10297
2931.0,58106
3036.0,13432
3198.0,62417
3247.0,944
3344.0,43
3607.0,619
3618.0,1116
3704.0,382
3785.0,2297
3895.0,98
4050.0,13
30.0,22922
85.0,60986
157.0,47065
218.0,27417
224.0,1035
227.0,48776
551.0,43443
594.0,16940
629.0,17499
681.0,9108
728.0,22067
747.0,7129
812.0,36952
883.0,5097
1128.0,7317
1224.0,418
1378.0,782
1451.0,87558
1490.0,47801
1751.0,37699
1821.0,25342
1951.0,5910
2004.0,580
2049.0,247403
2099.0,2590
2167.0,38535
2260.0,129177
2404.0,104666
2410.0,1792
2423.0,92949
2563.0,2640
2682.0,3842
2727.0,2431
2754.0,63213
2867.0,70381
3280.0,4541
3596.0,97
3713.0,63
3772.0,96
3833.0,33
3854.0,55
117.0,623
155.0,229
162.0,27829
454.0,2458
500.0,28429
783.0,1421
784.0,25649
846.0,5330
908.0,45895
1008.0,99540
1023.0,30832
1066.0,111189
1089.0,102608
1093.0,75804
1107.0,425862
1148.0,46080
1187.0,34963
1202.0,38467
1437.0,7770
1646.0,1881
1657.0,123006
1686.0,14549
1794.0,7137
2013.0,611
2044.0,4620
2127.0,81509
2144.0,9501
2147.0,564
2288.0,36642
2636.0,20956
2766.0,2257
2793.0,289
2853.0,106644
2865.0,95774
2985.0,290
3095.0,51
3139.0,2083
3244.0,31068
3259.0,246
3483.0,26
3628.0,3788
3862.0,4824
3922.0,15
3977.0,398
32.0,25349
122.0,8572
186.0,32174
193.0,60405
338.0,194851
364.0,3226
519.0,28843
608.0,17569
677.0,77791
724.0,13568
772.0,29134
1017.0,10236
1069.0,3387
1226.0,95177
1252.0,209
1406.0,166
1472.0,994
1544.0,85215
1583.0,61633
1966.0,91944
2057.0,22740
2116.0,57024
2165.0,104673
2317.0,458
2391.0,8120
2743.0,78491
2891.0,130
2973.0,1978
3065.0,1551
3107.0,1429
3238.0,4071
3257.0,5090
3301.0,285
3514.0,61
3585.0,98
3609.0,1815
3674.0,284
3731.0,61
3786.0,840
4003.0,94
17.0,169071
23.0,27726
190.0,9078
351.0,7089
420.0,171923
657.0,65972
683.0,90197
814.0,62688
875.0,41660
965.0,673
1042.0,4375
1059.0,867885
1223.0,124085
1250.0,36234
1331.0,4880
1365.0,129382
1436.0,55674
1846.0,35959
2150.0,34891
2225.0,154209
2353.0,654
2557.0,450
2833.0,79837
2998.0,599
3004.0,2192
3026.0,69610
3082.0,17367
3550.0,12631
3559.0,1977
3671.0,29
3720.0,435
3787.0,365
3920.0,129
4090.0,1481
100.0,2111
266.0,95688
464.0,33100
485.0,23062
552.0,4400
986.0,58859
1130.0,48572
1188.0,61853
1388.0,158645
1474.0,83232
1735.0,123582
1989.0,1776
2095.0,38824
2531.0,332
2534.0,4503
2572.0,64278
2596.0,57238
2651.0,247
2731.0,20572
2840.0,200810
2977.0,298
3034.0,138
3045.0,11638
3060.0,39
3384.0,168
3573.0,20
3658.0,1128
3799.0,1313
3814.0,275
3940.0,190
3941.0,17
3978.0,26
63.0,5079
296.0,9325
340.0,41356
604.0,8231
974.0,69333
1177.0,2061
1241.0,78777
1316.0,35773
1479.0,24
1495.0,151698
1515.0,123961
1535.0,29283
1537.0,973
1559.0,48765
1628.0,113082
1694.0,16308
1707.0,88117
1730.0,40344
1746.0,101084
1765.0,42343
1807.0,67997
1893.0,1227
1922.0,772
2009.0,84087
2184.0,113408
2341.0,80700
2372.0,136055
2402.0,3343
2558.0,37551
2703.0,85386
2804.0,3829
2950.0,1506
2975.0,1131
3032.0,3402
3088.0,239
3090.0,85859
3195.0,580
3232.0,1429
3312.0,88
3331.0,751
3373.0,839
3437.0,278
3684.0,2195
3716.0,15
3770.0,40
3992.0,18
3999.0,485
4056.0,11
22.0,37158
54.0,20443
300.0,51704
331.0,107689
356.0,15902
435.0,18363
563.0,72849
746.0,180350
810.0,5965
902.0,3922
935.0,700
1002.0,675
1061.0,2394
1375.0,8181
1446.0,127804
1519.0,145716
1747.0,103340
1761.0,52854
1779.0,228929
1859.0,66448
1967.0,198
2027.0,7779
2032.0,93587
2119.0,34479
2129.0,6758
2197.0,35555
2248.0,34198
2259.0,23712
2406.0,9167
2645.0,15306
3064.0,9390
3126.0,212
3133.0,50050
3422.0,3969
3452.0,165
3666.0,94
3822.0,101
4001.0,157
138.0,3659
144.0,42965
273.0,20387
480.0,53336
518.0,2137
709.0,8095
761.0,74568
790.0,18906
851.0,4194
945.0,124
1131.0,8484
1234.0,52747
1383.0,120971
1618.0,414
1724.0,115561
1971.0,26429
2031.0,42711
2090.0,935
2217.0,2430
2346.0,32600
2420.0,52700
2499.0,77321
2582.0,46087
2600.0,96630
2641.0,921
2646.0,23752
2710.0,424
2755.0,118586
2757.0,727
2990.0,76213
3286.0,417
3404.0,1513
3487.0,4547
3680.0,810
3690.0,63
3721.0,166
3798.0,29
3802.0,612
39.0,8105
318.0,22434
586.0,83289
636.0,76564
658.0,39872
841.0,16180
934.0,604
1284.0,149830
1454.0,77832
1555.0,56971
2008.0,33082
2019.0,68283
2070.0,56445
2123.0,66114
2228.0,32778
2281.0,63337
2327.0,431
2441.0,14826
2464.0,47124
3049.0,7652
3147.0,167
3174.0,2695
3428.0,292
3446.0,74
3468.0,58
3569.0,25
3574.0,23
3728.0,182
3809.0,403
77.0,8694
92.0,20479
172.0,18828
258.0,9814
640.0,2377
652.0,11450
796.0,187554
829.0,9522
951.0,17449
1084.0,15249
1366.0,245589
1373.0,103708
1604.0,31646
1721.0,46145
1759.0,104418
1900.0,91458
2034.0,27544
2122.0,21663
2176.0,125276
2205.0,35414
2215.0,7806
2261.0,81694
2331.0,90970
2857.0,591
2872.0,74723
2911.0,245
2936.0,11137
3001.0,146660
3314.0,247
3355.0,557
3366.0,1311
3595.0,715
3670.0,421
3955.0,154
4027.0,28
4035.0,30
195.0,3071
243.0,56380
292.0,1025
412.0,10012
490.0,8991
525.0,56420
675.0,121786
759.0,204
900.0,2227
928.0,38377
1257.0,261825
1512.0,1631
1630.0,52862
1728.0,56031
1870.0,345
1953.0,1160
1975.0,3910
2132.0,1505
2227.0,4534
2262.0,752
2266.0,19836
2304.0,12607
2396.0,44761
2432.0,66658
2457.0,39416
2487.0,783
2656.0,43323
2706.0,134121
3176.0,148
3300.0,13597
3434.0,2277
3448.0,206
3491.0,1532
3591.0,41
3654.0,23263
3901.0,79
3912.0,1152
3958.0,26
90.0,1310
211.0,17888
259.0,49813
285.0,4975
321.0,71531
352.0,4999
473.0,21922
492.0,28846
673.0,60313
687.0,27700
732.0,24731
953.0,312
954.0,2342
1040.0,97504
1070.0,1813
1313.0,34344
1319.0,99354
1322.0,46469
1336.0,198558
1480.0,51520
1554.0,30899
1564.0,26631
1836.0,1157
1866.0,11265
1879.0,4531
2085.0,63726
2201.0,84861
2243.0,2128
2371.0,850
2670.0,1146
2705.0,68157
2752.0,106237
2910.0,50660
3263.0,5741
3303.0,733
3360.0,1101
3461.0,576
3486.0,162
3492.0,19918
3493.0,2215
3656.0,25
3695.0,48
3768.0,17
3791.0,114
3866.0,46
3885.0,152
3949.0,14
2.0,11201
223.0,1693
291.0,17750
348.0,76430
501.0,113663
590.0,3203
857.0,72047
1057.0,28946
1179.0,222585
1269.0,4307
1344.0,79229
1351.0,123132
1449.0,90005
1532.0,59522
1578.0,95042
1590.0,87688
1592.0,52749
1615.0,111210
1665.0,113096
1678.0,237068
1972.0,5585
1976.0,15695
1987.0,152
2115.0,157290
2287.0,5183
2291.0,30377
2319.0,55235
2594.0,193
2661.0,43712
2675.0,430
2679.0,403
2756.0,181994
2806.0,113
3037.0,41
3054.0,945
3202.0,2871
3456.0,32
3542.0,1647
4026.0,63
4032.0,9
202.0,16315
532.0,43965
660.0,4187
1212.0,118407
1312.0,339
1588.0,20498
1638.0,49330
1644.0,145230
1682.0,110210
1775.0,31925
1880.0,65996
1990.0,120249
2160.0,28686
2239.0,103209
2336.0,25102
2358.0,706
2364.0,239990
2541.0,578
2724.0,7344
2850.0,60596
2986.0,113
3132.0,1682
3181.0,23
3297.0,1198
3541.0,21
3679.0,204
3959.0,19
4018.0,46
42.0,31829
248.0,19954
533.0,19135
573.0,3537
605.0,128199
699.0,3844
799.0,12054
938.0,148004
1047.0,7605
1062.0,54906
1173.0,60916
1229.0,143299
1372.0,74414
1416.0,1561
1749.0,67326
1942.0,156149
1999.0,200839
2038.0,134578
2111.0,59584
2178.0,2082
2264.0,41335
2269.0,26512
2355.0,44196
2685.0,111
2733.0,6421
2786.0,16531
3108.0,186
3219.0,11284
3393.0,105
3410.0,36
3525.0,372
3529.0,1736
3584.0,1104
3652.0,297
4030.0,80
4033.0,42
160.0,7740
220.0,35211
287.0,4683
333.0,15626
460.0,65865
686.0,8329
762.0,18153
898.0,39352
961.0,4000
1196.0,30292
1198.0,61185
1262.0,137220
1453.0,116011
1643.0,107875
1650.0,41043
1669.0,77318
1736.0,56593
1776.0,30219
1907.0,149548
1917.0,876
1982.0,577
2033.0,114408
2274.0,201832
2306.0,172946
2436.0,69038
2691.0,284
2736.0,76868
2886.0,13581
2908.0,438
3030.0,1891
3035.0,72
3077.0,257
3084.0,78772
3105.0,1381
3143.0,1876
3222.0,147
3342.0,12
3361.0,2250
3413.0,576
3582.0,284
3599.0,338
3698.0,292
3872.0,164
3887.0,331
3951.0,920
3973.0,17
3984.0,49
354.0,39389
630.0,31518
744.0,100043
855.0,106871
896.0,59581
1281.0,146199
1411.0,112
1591.0,911
1616.0,55929
1656.0,417
1760.0,43283
1843.0,23166
1944.0,294
2082.0,80474
2175.0,486
2265.0,8273
2345.0,47804
2389.0,99505
2621.0,7514
2638.0,38002
2788.0,26754
2813.0,326
2925.0,1461
3160.0,49978
3249.0,405
3347.0,134
3540.0,367
3558.0,189
3647.0,27
3676.0,86
3744.0,31
3838.0,954
3852.0,48
4084.0,239
37.0,16416
108.0,1045
134.0,1394
255.0,21687
283.0,41320
328.0,17930
704.0,9193
861.0,13991
874.0,42032
889.0,11898
937.0,30107
1077.0,183312
1083.0,10230
1105.0,42953
1210.0,5445
1251.0,101521
1280.0,15150
1497.0,121047
1500.0,2592
1620.0,45382
1708.0,2741
1777.0,45530
1835.0,37560
1882.0,90521
2021.0,68595
2117.0,3119
2136.0,32607
2137.0,121095
2479.0,1624
2576.0,43445
2664.0,99702
2787.0,1361
2892.0,473
3002.0,2352
3180.0,497
3285.0,213
3458.0,480
3557.0,915
3632.0,130
3832.0,44
3946.0,58
104.0,29425
135.0,2067
203.0,41622
382.0,82001
401.0,3951
531.0,12455
740.0,2167
863.0,45648
870.0,57553
936.0,58391
1103.0,41077
1298.0,141
1420.0,27584
1824.0,117
1848.0,36769
2040.0,51296
2126.0,41585
2206.0,115607
2295.0,15342
2383.0,42068
2394.0,27843
2490.0,19679
2775.0,806
2828.0,372
2943.0,106018
2964.0,205
3151.0,433
3179.0,67329
3201.0,2122
3330.0,442
3655.0,160
3989.0,44
4008.0,802
216.0,83269
307.0,10245
380.0,24018
405.0,7703
516.0,4269
535.0,80059
592.0,27643
649.0,11353
820.0,40960
868.0,31810
943.0,87840
1205.0,86937
1302.0,81603
1324.0,85874
1429.0,78732
1780.0,91197
1939.0,50178
1985.0,41496
1991.0,37093
1996.0,23828
2054.0,38920
2297.0,3044
2313.0,15973
2456.0,3072
2632.0,399
2718.0,52500
2737.0,24310
2844.0,1671
2909.0,1931
3008.0,60413
3014.0,2052
3140.0,39
3488.0,26
3659.0,350
3777.0,274
3811.0,2497
3846.0,487
50.0,2282
137.0,3950
214.0,11936
304.0,39710
370.0,20489
445.0,2605
770.0,119864
800.0,74976
853.0,91982
933.0,36306
977.0,13206
1184.0,35317
1238.0,85083
1270.0,8074
1482.0,41721
1498.0,99254
1507.0,93866
1569.0,32026
1854.0,42575
1872.0,110054
1970.0,6961
2056.0,30930
2174.0,1531
2293.0,22112
2366.0,32739
2400.0,40813
2768.0,93732
2968.0,1050
3086.0,148
3188.0,76
3218.0,58932
3370.0,562
3380.0,207
3490.0,571
3551.0,13
3586.0,840
3707.0,35
3759.0,93
3841.0,162
3917.0,171
3934.0,47
3994.0,75
150.0,2925
152.0,151242
189.0,6821
222.0,31212
313.0,8812
362.0,9311
411.0,79925
479.0,37808
536.0,15071
542.0,123033
723.0,45887
795.0,1262
802.0,111194
852.0,72675
890.0,15797
897.0,29133
1138.0,86729
1290.0,2260
1293.0,37896
1410.0,88336
1561.0,21359
1627.0,79909
1658.0,73694
1889.0,146693
1998.0,31444
2068.0,300
2191.0,1361
2249.0,37490
2360.0,39996
2483.0,47364
2859.0,79616
2877.0,3888
2901.0,1232
3172.0,171
3190.0,13655
3208.0,2965
3225.0,78
3329.0,523
3369.0,272
3622.0,43
3649.0,1159
3669.0,19485
3711.0,562
3780.0,75
3962.0,71
3967.0,40
4069.0,103
74.0,5873
127.0,13666
141.0,2382
173.0,5141
272.0,52696
280.0,15045
317.0,47761
374.0,17486
407.0,29801
794.0,4344
1000.0,20664
1001.0,41000
1134.0,70829
1321.0,64271
1523.0,101372
1527.0,117217
1547.0,82532
1758.0,56608
1818.0,209805
1832.0,80665
1888.0,2146
2050.0,815
2051.0,2718
2183.0,55616
2292.0,4108
2328.0,5881
2409.0,24436
2426.0,39179
2518.0,76601
2532.0,68077
2584.0,25910
2644.0,25033
2782.0,271
2917.0,722
3006.0,1150
3079.0,3270
3134.0,31554
3200.0,38664
3235.0,1112
3371.0,529
3382.0,2372
3418.0,50
3640.0,1165
3643.0,152
3667.0,54
3681.0,715
3858.0,156
4031.0,36
24.0,20094
170.0,16005
244.0,1697
400.0,6845
475.0,13790
595.0,28306
643.0,89325
745.0,100158
797.0,336
821.0,104091
969.0,79767
1003.0,776
1091.0,30239
1399.0,45440
1431.0,105457
2005.0,194
2029.0,9929
2241.0,7697
2256.0,373
2284.0,3963
2452.0,111287
2681.0,50050
2808.0,725
2883.0,170
2922.0,50087
2974.0,11930
3042.0,3526
3209.0,4243
3250.0,1948
3256.0,6656
3334.0,16
3519.0,166
3735.0,108
3944.0,23
3971.0,322
3990.0,137
46.0,4866
72.0,63934
133.0,60683
234.0,17018
254.0,23060
375.0,18706
483.0,117923
1153.0,12240
1204.0,228980
1335.0,71137
1414.0,128918
1456.0,33556
1508.0,41352
1518.0,97137
1530.0,5078
1603.0,51270
1626.0,64264
1713.0,77452
1766.0,13888
1778.0,103
1809.0,8927
1817.0,1881
1912.0,1872
1950.0,47605
2069.0,126824
2181.0,18262
2252.0,54241
2343.0,149946
2501.0,53991
2591.0,782
2592.0,40293
2625.0,117977
2955.0,1795
2996.0,10042
3022.0,87766
3085.0,1067
3210.0,1491
3316.0,42
3476.0,2379
3581.0,105
3751.0,36
3774.0,63
3907.0,455
3960.0,151
4021.0,13
4048.0,14
35.0,4173
102.0,9719
153.0,4545
262.0,67722
349.0,19324
372.0,119693
506.0,3567
554.0,3840
621.0,2528
712.0,31651
822.0,22956
944.0,214
1369.0,104388
1377.0,26029
1528.0,1240
1619.0,1343
1795.0,362
1886.0,1258
2007.0,89386
2047.0,136495
2141.0,1349
2151.0,20518
2533.0,30666
2539.0,111381
2566.0,4851
2593.0,181
2677.0,36621
2797.0,51945
2814.0,56752
2823.0,404
2847.0,229
2881.0,662
2882.0,23947
3282.0,44
3328.0,21072
3441.0,275
3479.0,14
3571.0,276
3611.0,783
3727.0,26
3865.0,21
3933.0,1659
4068.0,18
4071.0,11
128.0,1755
263.0,38828
393.0,11928
522.0,5008
550.0,13453
628.0,70570
903.0,3118
918.0,3414
984.0,41826
1124.0,524040
1248.0,68067
1268.0,123915
1303.0,150015
1338.0,22555
1380.0,140162
1400.0,126526
1421.0,1259
1521.0,1557
1613.0,81126
1648.0,187203
1683.0,26909
1692.0,77584
1739.0,9677
1781.0,106006
1784.0,46795
2104.0,80572
2240.0,2918
2524.0,103
2548.0,19111
2663.0,256
2822.0,86812
3159.0,44628
3167.0,603
3193.0,229
3362.0,1798
3426.0,101
3738.0,60
4042.0,27
4057.0,14
4060.0,27
6.0,17546
159.0,7160
201.0,8023
264.0,13904
487.0,79489
539.0,47883
570.0,14842
743.0,5824
827.0,96405
1087.0,5479
1119.0,6820
1149.0,95863
1167.0,66705
1211.0,12525
1355.0,9199
1514.0,80908
1609.0,68709
1706.0,50434
1709.0,41818
2025.0,224218
2290.0,18830
2520.0,76495
3114.0,28
3302.0,4124
3337.0,2208
3368.0,8222
3543.0,1191
3565.0,2142
3587.0,1190
3792.0,156
3871.0,38
3913.0,32
4052.0,8
428.0,1158
484.0,147581
567.0,2640
598.0,20697
705.0,159140
748.0,49422
781.0,99719
1121.0,91884
1142.0,76901
1368.0,194850
1422.0,126562
1594.0,36254
1804.0,116445
1812.0,1674
1927.0,30649
1934.0,9571
1973.0,462
2000.0,176422
2320.0,32866
2369.0,47385
2378.0,40880
2401.0,22565
2639.0,17638
2700.0,738
2701.0,269
2765.0,231
2815.0,91622
2944.0,21353
3205.0,57
3304.0,5392
3617.0,101
3678.0,125
3706.0,45
3844.0,73
3929.0,40
3931.0,42
4061.0,15
110.0,18792
187.0,4228
204.0,5941
309.0,3059
689.0,1234
698.0,62054
707.0,69828
727.0,1304
766.0,4636
778.0,100107
864.0,5808
1035.0,815
1073.0,12100
1080.0,76410
1304.0,771
1332.0,83745
1361.0,32202
1511.0,19233
1652.0,1969
1691.0,69391
2035.0,757
2062.0,53150
2294.0,18413
2468.0,11785
2606.0,10475
2622.0,96113
2683.0,68426
2694.0,1162
2770.0,90303
2864.0,59353
2874.0,501
3017.0,566
3101.0,176
3144.0,341
3475.0,148
3645.0,32
3730.0,32
3752.0,75
3810.0,1278
4004.0,53
4036.0,399
45.0,8508
413.0,16659
946.0,81911
980.0,157358
1025.0,178072
1045.0,73196
1147.0,116757
1225.0,22493
1504.0,138
1570.0,60127
1725.0,35639
1741.0,49067
1874.0,79648
2231.0,59996
2377.0,115191
2416.0,42138
3237.0,1526
3332.0,48
3356.0,116
3806.0,6322
3870.0,109
3900.0,292
3986.0,47
396.0,6823
404.0,70970
547.0,6201
654.0,52910
739.0,1372
807.0,3546
1172.0,87664
1608.0,35613
1840.0,248203
1885.0,109
1911.0,152939
1941.0,4886
2125.0,92666
2169.0,52033
2226.0,14952
2282.0,704
2285.0,87747
2370.0,92679
2516.0,57661
2527.0,213
2599.0,4468
2635.0,121830
2653.0,633
2832.0,61270
2976.0,5696
3216.0,76
3307.0,3948
3472.0,227
3627.0,31
3641.0,59
143.0,7619
158.0,35238
253.0,2945
275.0,19815
443.0,11154
603.0,2395
808.0,48802
947.0,8392
988.0,116986
1143.0,7434
1299.0,218918
1425.0,644
1576.0,121909
1632.0,29410
1647.0,69939
1768.0,155364
1819.0,173257
1837.0,73309
1903.0,54200
1980.0,2453
2048.0,111653
2112.0,87917
2438.0,35867
2476.0,50390
2536.0,35473
2713.0,5085
2744.0,12245
2836.0,1938
2905.0,66028
2930.0,9259
3048.0,698
3178.0,1179
3333.0,272
3460.0,596
3494.0,868
3665.0,79
3985.0,53
31.0,64083
325.0,14829
388.0,67167
425.0,29451
446.0,16235
517.0,23750
650.0,63267
735.0,75831
968.0,295
1033.0,2056
1079.0,7115
1199.0,61781
1254.0,19681
1255.0,69701
1300.0,554
1308.0,95435
1393.0,200268
1413.0,2088
1424.0,159148
1461.0,346
1586.0,46517
1617.0,2344
1629.0,148584
1802.0,63488
1916.0,341
1959.0,43624
2017.0,60202
2037.0,8061
2107.0,25340
2470.0,41816
2565.0,1153
2589.0,27177
2674.0,18653
2725.0,182
2796.0,2084
2885.0,1299
2916.0,14240
2945.0,1043
2960.0,33847
2983.0,2081
3127.0,21
3175.0,287
3421.0,116
3438.0,530
3453.0,1586
3501.0,2441
3546.0,39
3630.0,51
3743.0,1304
3882.0,100
93.0,4071
168.0,2759
299.0,69615
376.0,62514
456.0,14332
696.0,88449
776.0,647
787.0,24164
844.0,318
1295.0,346
1320.0,92
1346.0,82160
1463.0,35553
1602.0,104
1675.0,49924
1774.0,24377
2026.0,138461
2153.0,1181
2385.0,474
2399.0,8589
2421.0,93770
2469.0,528
2488.0,21189
2603.0,3178
2642.0,9574
2655.0,136080
2771.0,34725
2895.0,59277
3308.0,2352
3326.0,918
3341.0,108
3429.0,1670
3570.0,2204
3686.0,84
3722.0,886
3739.0,1738
3790.0,133
3843.0,74
3921.0,49
3969.0,59
4002.0,40
70.0,6103
99.0,5806
230.0,22272
345.0,7811
474.0,47249
585.0,9588
688.0,8435
690.0,24579
718.0,724
1125.0,25435
1296.0,42988
1348.0,220780
1360.0,70208
1601.0,51194
1607.0,139764
1671.0,105
1906.0,29785
2039.0,28547
2190.0,27664
2335.0,749
2435.0,66232
2453.0,11492
2458.0,25056
2657.0,6654
2667.0,269
2774.0,63056
2784.0,583
2825.0,3628
2842.0,2403
2954.0,12367
3206.0,557
3220.0,341
3227.0,695
3325.0,647
3415.0,128
3439.0,679
3606.0,20
3636.0,542
3662.0,496
3689.0,23
3892.0,975
3935.0,19
4064.0,131
4079.0,14
48.0,30717
56.0,25102
62.0,12748
111.0,994
213.0,10214
289.0,24584
414.0,35094
520.0,10309
876.0,2881
882.0,12247
998.0,1271
1032.0,59440
1246.0,141584
1315.0,9632
1543.0,237
1575.0,10579
1813.0,78944
1887.0,4435
1960.0,42423
2083.0,90718
2159.0,151932
2387.0,26861
2522.0,81654
2537.0,91263
2935.0,6928
2981.0,375
3057.0,3514
3068.0,671
3096.0,232
3120.0,163
3350.0,13796
3507.0,120
3884.0,55
3953.0,33
4029.0,466
29.0,36749
73.0,19008
197.0,24239
237.0,2752
238.0,48946
361.0,85354
805.0,26664
1307.0,157412
1357.0,84008
1538.0,60796
1783.0,81204
1856.0,1761
1908.0,27828
2018.0,20566
2078.0,181615
2200.0,30633
2334.0,3047
2411.0,43636
2439.0,92369
2506.0,50057
2612.0,22593
2870.0,37065
2879.0,1680
2913.0,2757
3031.0,60
3055.0,1746
3061.0,2172
3080.0,344
3093.0,2067
3857.0,102
3897.0,15
87.0,2861
121.0,40865
139.0,41487
178.0,7476
236.0,19693
268.0,18413
366.0,108588
470.0,1808
471.0,232290
562.0,53647
584.0,3257
915.0,158301
1004.0,318524
1038.0,10049
1127.0,51034
1392.0,158
1432.0,108547
1448.0,240
1491.0,229
1712.0,61942
1834.0,83832
1913.0,37893
1969.0,185642
1983.0,93712
2014.0,145776
2073.0,5779
2118.0,212277
2168.0,18170
2417.0,842
2514.0,59315
2630.0,119549
2676.0,55697
2738.0,103592
2880.0,144
3023.0,1537
3039.0,650
3052.0,114494
3291.0,840
3292.0,384
3310.0,1995
3714.0,61
3878.0,40
3927.0,54
3991.0,37
27.0,24073
55.0,12192
84.0,1740
491.0,21777
601.0,37301
682.0,169727
752.0,5640
856.0,62030
869.0,80512
976.0,180
985.0,35720
1018.0,170924
1200.0,111042
1217.0,97941
1242.0,181711
1309.0,14449
1509.0,777
1579.0,84472
1763.0,2068
1787.0,8390
1869.0,3166
2089.0,106174
2187.0,122905
2196.0,30562
2273.0,68392
2354.0,31260
2407.0,58116
2443.0,73929
2535.0,43939
2575.0,357
2595.0,55243
2628.0,75465
2690.0,1131
2846.0,6694
3211.0,275
3215.0,605
3447.0,2410
3451.0,399
3466.0,27
3506.0,144
3600.0,50
3620.0,1367
3687.0,43
3705.0,14
3708.0,960
3827.0,1169
3847.0,44
3916.0,58
3936.0,79
4041.0,106
4058.0,61
7.0,35950
89.0,2825
451.0,7293
529.0,41355
557.0,228010
678.0,81689
773.0,24583
809.0,10396
1026.0,6027
1136.0,128148
1168.0,36713
1186.0,21406
1442.0,42399
1460.0,94400
1501.0,205913
1789.0,63115
2028.0,54101
2232.0,180834
2308.0,3618
2560.0,96364
2608.0,313
2660.0,5031
2779.0,945
2878.0,41542
2906.0,1226
2919.0,25007
3359.0,13
3379.0,2002
3598.0,35
3723.0,19
3753.0,484
3765.0,191
3965.0,24
4067.0,32
4074.0,144
76.0,23013
347.0,1007
360.0,12009
381.0,2931
508.0,46715
597.0,24198
669.0,31420
684.0,25220
711.0,1125
916.0,71671
1120.0,32756
1278.0,36465
1435.0,50088
1450.0,127381
1702.0,3043
1805.0,67383
1815.0,32213
1820.0,95548
1935.0,28769
2131.0,39893
2538.0,49147
2672.0,25025
2709.0,149
2746.0,30706
2769.0,314250
2799.0,880
2928.0,2030
3053.0,71347
3510.0,3643
3782.0,19
3845.0,12
3993.0,143
208.0,13922
437.0,42423
459.0,74925
664.0,21477
1041.0,2037
1071.0,47435
1359.0,109390
1374.0,915
1408.0,2315
1486.0,70847
1782.0,143181
1814.0,70795
2077.0,76297
2121.0,78293
2161.0,28249
2185.0,84029
2199.0,128447
2214.0,29243
2234.0,536
2235.0,32026
2450.0,37898
2521.0,14824
2693.0,33133
2958.0,1461
3099.0,6143
3117.0,2985
3119.0,5200
3387.0,41
3397.0,704
3457.0,4483
3604.0,843
3725.0,28
3803.0,30
3835.0,609
3839.0,184
3911.0,24
4012.0,42
188.0,9183
196.0,6519
324.0,6883
353.0,14481
410.0,60562
461.0,77690
472.0,22483
511.0,14527
527.0,11130
627.0,90088
779.0,10581
819.0,27766
832.0,87589
1090.0,105531
1115.0,22077
1253.0,62733
1364.0,54781
1445.0,1387
1467.0,36522
1810.0,1407
1860.0,7251
2312.0,2158
2315.0,353
2680.0,67384
2794.0,91427
2887.0,11526
2927.0,245
2951.0,3110
3021.0,11553
3145.0,72
3155.0,30451
3255.0,6058
3500.0,297
3534.0,61
3572.0,35
3614.0,63
3718.0,11626
3853.0,96
3943.0,10
3956.0,33
36.0,14364
129.0,36433
322.0,41784
493.0,19793
691.0,110874
850.0,9938
972.0,62384
1010.0,154919
1163.0,43269
1358.0,3116
1549.0,399
1584.0,1132
1598.0,143576
1639.0,59269
1718.0,47049
1755.0,41175
1850.0,900
2016.0,25115
2045.0,20427
2076.0,40676
2422.0,2123
2570.0,3179
2578.0,24457
2801.0,138303
3069.0,520
3073.0,41558
3153.0,111
3197.0,489
3276.0,1828
3400.0,445
3463.0,255
3874.0,603
4.0,9498
15.0,41145
44.0,8397
78.0,3518
179.0,4270
715.0,101398
838.0,30774
926.0,4337
1013.0,142783
1305.0,890
1585.0,37789
1958.0,877
2114.0,818
2289.0,29982
2477.0,12918
2835.0,97850
2946.0,149
3012.0,1076
3070.0,56783
3076.0,7688
3324.0,787
3556.0,1772
3580.0,74
3642.0,822
3709.0,149
3712.0,83
3760.0,218
3875.0,12
3893.0,13
4044.0,77
4065.0,9
326.0,32946
406.0,3073
422.0,43297
436.0,5397
548.0,47277
549.0,28350
642.0,3339
680.0,2521
774.0,198846
949.0,52631
1146.0,131234
1154.0,346234
1169.0,49686
1273.0,22877
1389.0,1180
1409.0,163734
1641.0,59707
1716.0,48149
1738.0,444
1792.0,203580
2098.0,26875
2134.0,1318
2238.0,134581
2245.0,41747
2440.0,55900
2525.0,5048
2550.0,56919
2583.0,100257
2605.0,21279
2669.0,1324
2778.0,91
2890.0,588
2915.0,365
3152.0,839
3234.0,272
3248.0,13914
3272.0,19265
3319.0,5617
3423.0,131
3562.0,980
3597.0,5637
3688.0,920
3807.0,62
41.0,26569
167.0,413
225.0,8903
399.0,63968
537.0,85063
622.0,9515
719.0,5456
731.0,30113
1052.0,62145
1104.0,11665
1259.0,121101
1337.0,93985
1452.0,43374
1661.0,12170
1695.0,67250
1737.0,68055
1822.0,50760
1862.0,164279
1926.0,1669
2113.0,52510
2128.0,95988
2156.0,774
2198.0,6441
2204.0,16289
2230.0,109593
2368.0,36897
2408.0,34094
2418.0,5934
2500.0,23455
2503.0,122949
2564.0,18682
2590.0,120418
2620.0,57196
2747.0,11890
2819.0,1257
2848.0,225397
2860.0,1795
3186.0,2408
3254.0,1710
3495.0,332
3660.0,2228
103.0,337
206.0,17916
350.0,13323
363.0,6055
466.0,34813
521.0,14243
559.0,3301
593.0,2532
771.0,1577
786.0,109804
1009.0,7184
1058.0,153553
1144.0,174
1145.0,192135
1178.0,53881
1404.0,61301
1423.0,99678
1433.0,29271
1506.0,59411
1558.0,45079
1571.0,3779
1572.0,73806
1693.0,67380
1731.0,232
1828.0,91504
2216.0,341
2247.0,210
2393.0,50324
2405.0,123209
2460.0,10529
2574.0,200
2577.0,73066
2585.0,1124
2611.0,40184
2735.0,33676
2868.0,29578
2896.0,15238
2999.0,603
3072.0,218
3173.0,6346
3578.0,958
3683.0,448
3776.0,202
3800.0,48
3815.0,84
3909.0,1155
3932.0,21
4010.0,68
34.0,33966
177.0,78816
337.0,24110
505.0,6818
524.0,77638
667.0,2599
671.0,129802
738.0,209480
911.0,21063
1068.0,49737
1081.0,630258
1086.0,37352
1092.0,1461
1243.0,106358
1249.0,203511
1668.0,71598
1700.0,160965
1923.0,125078
1928.0,917
1943.0,211455
1956.0,3176
2109.0,145760
2170.0,140992
2276.0,599
2326.0,21946
2347.0,4622
2462.0,4028
2496.0,157
2507.0,862
2523.0,5514
2658.0,85076
2697.0,2212
2732.0,3718
2751.0,26312
2800.0,71226
2831.0,118521
2923.0,61792
2963.0,1254
2965.0,112
3038.0,4505
3192.0,239
3320.0,54
3352.0,24209
3394.0,59
3566.0,421
3602.0,3231
3848.0,109
4046.0,4
33.0,117918
123.0,21007
180.0,811
402.0,28415
469.0,2278
504.0,129245
578.0,6724
591.0,13875
634.0,6022
714.0,10711
777.0,40481
866.0,2159
885.0,14494
1157.0,52623
1181.0,77276
1533.0,147
1664.0,233
1690.0,79349
1714.0,12037
1752.0,629
1909.0,6495
2211.0,98386
2251.0,493
2629.0,23265
2686.0,14413
2760.0,76662
2903.0,3099
2939.0,353
3040.0,225
3260.0,174
3288.0,2313
3336.0,2416
3412.0,6203
3734.0,955
3771.0,16
3867.0,30
3880.0,71
3903.0,27
3923.0,80
4062.0,12
47.0,73347
131.0,13949
151.0,470
330.0,26607
457.0,8716
544.0,83595
618.0,16023
706.0,79781
716.0,88549
1123.0,24332
1218.0,153806
1464.0,220
1674.0,1565
1685.0,134100
1717.0,47445
1732.0,75468
1740.0,52824
1955.0,1513
2279.0,34714
2296.0,54996
2342.0,69112
2444.0,46930
2758.0,64982
3098.0,7335
3317.0,47
3391.0,115
3616.0,30
3619.0,82
3621.0,69
3864.0,56
3898.0,46
3904.0,1365
3974.0,34
4049.0,9
250.0,21933
279.0,17736
357.0,4033
617.0,155066
713.0,22415
725.0,125502
754.0,7762
824.0,222
921.0,78433
1078.0,44030
1417.0,72921
1441.0,293
1468.0,137751
1688.0,47964
1978.0,92177
1995.0,91325
2229.0,764
2270.0,11768
2365.0,46905
2382.0,33096
2473.0,9518
2795.0,578
2924.0,237
2992.0,1313
3028.0,57901
3480.0,118
3482.0,61
3511.0,271
3818.0,517
3983.0,289
3995.0,473
4082.0,33
181.0,17850
261.0,62213
265.0,41008
342.0,39848
560.0,34114
749.0,1386
753.0,8401
1076.0,27926
1197.0,49484
1209.0,1123
1476.0,151184
1483.0,100473
1552.0,101472
1845.0,1087
2046.0,95634
2066.0,4735
2110.0,114439
2133.0,52315
2180.0,27431
2357.0,135060
2376.0,76004
2838.0,2881
2894.0,94812
3498.0,911
3508.0,162
3509.0,877
3623.0,2675
3756.0,35
3763.0,3596
3963.0,18
4028.0,20
66.0,3433
308.0,91539
310.0,34378
389.0,120187
450.0,3425
481.0,200495
538.0,10846
1164.0,69736
1166.0,191051
1267.0,203
1680.0,58064
1857.0,5284
1919.0,33764
2207.0,39088
2237.0,1064
2302.0,355
2367.0,23105
2448.0,5375
2609.0,17445
2780.0,25126
2980.0,70
3165.0,53
3182.0,46895
3191.0,2028
3309.0,206
3311.0,801
3547.0,2979
3638.0,208
3661.0,528
3804.0,31
3890.0,8
3914.0,291
3947.0,27
4039.0,425
205.0,10105
306.0,24106
341.0,19443
637.0,1086
730.0,37045
769.0,59805
789.0,22726
793.0,46041
913.0,27799
991.0,72005
1108.0,870
1581.0,70257
1600.0,103094
1645.0,32981
1663.0,49210
1762.0,21828
1827.0,32797
2100.0,9861
2213.0,81057
2310.0,91105
2427.0,31387
2451.0,84094
2626.0,1352
2777.0,70221
2792.0,172981
2807.0,87759
2932.0,3510
2959.0,485
2994.0,917
3044.0,62208
3103.0,16157
3335.0,837
3390.0,532
3470.0,15635
3526.0,1299
3950.0,10
4051.0,13
43.0,43507
64.0,6427
68.0,31209
145.0,106393
502.0,47338
614.0,68121
803.0,15324
880.0,119414
909.0,2062
922.0,16272
940.0,513
1097.0,185538
1156.0,11125
1260.0,193475
1485.0,30505
1541.0,150345
1770.0,4847
1930.0,990
2053.0,92770
2108.0,42535
2145.0,1968
2171.0,8252
2361.0,35718
2449.0,52924
2573.0,1082
2818.0,1679
2873.0,661
2949.0,64236
3277.0,15388
3386.0,67
3419.0,116
3784.0,6810
4040.0,13
4047.0,34
156.0,3112
164.0,9269
175.0,1631
327.0,841
440.0,63104
448.0,28924
543.0,99538
556.0,34182
655.0,561
692.0,5548
763.0,2001
962.0,27343
1027.0,59686
1050.0,21075
1106.0,1763
1133.0,335
1160.0,196
1292.0,74449
1382.0,183
1386.0,237369
1633.0,1519
1710.0,91219
1742.0,48939
2041.0,61017
2052.0,50681
2058.0,1075
2305.0,26198
2381.0,20208
2466.0,83201
2491.0,214194
2617.0,959
2643.0,2724
2699.0,53109
2729.0,11763
2759.0,232
2809.0,16172
2837.0,46351
2942.0,40083
3081.0,467
3183.0,351
3392.0,234
3416.0,758
3544.0,256
3726.0,577
3919.0,92
142.0,1098
260.0,19788
295.0,18705
546.0,138894
588.0,63528
599.0,15356
751.0,28726
765.0,95859
1016.0,106298
1020.0,4043
1024.0,76613
1263.0,92642
1573.0,88605
1830.0,78817
2275.0,159
2277.0,18717
2352.0,39240
2654.0,49989
2695.0,2985
2898.0,35643
2929.0,69227
2972.0,8937
3024.0,845
3284.0,3976
3305.0,1435
3433.0,1199
3888.0,25
4013.0,46
94.0,3370
132.0,11974
270.0,30277
329.0,21505
379.0,9105
421.0,44201
434.0,151943
571.0,43071
702.0,668
764.0,32950
859.0,7311
887.0,15923
930.0,1602
1174.0,92587
1183.0,34077
1193.0,70823
1232.0,86641
1329.0,24111
1397.0,197453
1426.0,443
1502.0,174071
1534.0,207811
1677.0,47021
1723.0,92237
1750.0,53719
1858.0,557
1945.0,2583
1986.0,98131
2071.0,2841
2096.0,156817
2220.0,5167
2255.0,2093
2271.0,37842
2286.0,44808
2425.0,29816
2696.0,26130
2961.0,89189
3029.0,526
3123.0,28
3274.0,1205
3408.0,1647
3576.0,4611
3824.0,1617
4007.0,30
4014.0,58
4063.0,14
271.0,15125
302.0,59481
314.0,1151
444.0,2574
575.0,52766
613.0,28347
737.0,2131
816.0,3675
847.0,9608
950.0,15656
1109.0,5442
1325.0,1370
1391.0,355
1457.0,83500
1596.0,102631
1890.0,87724
1894.0,1347
1962.0,513
2010.0,1873
2253.0,31994
2283.0,2425
2348.0,24257
2428.0,89735
2437.0,113987
2555.0,61167
2856.0,439
3011.0,54199
3141.0,966
3146.0,3410
3221.0,1290
3409.0,65
3577.0,39883
3737.0,151
3930.0,124
4023.0,23
5.0,1517
198.0,23669
316.0,12651
653.0,77897
756.0,22953
813.0,17602
815.0,350
929.0,61679
955.0,41503
1012.0,2699
1082.0,57229
1110.0,26105
1170.0,76055
1341.0,4717
1347.0,6761
1434.0,995
1522.0,5936
1557.0,51303
1568.0,73032
1580.0,71727
1681.0,145113
1767.0,67494
1957.0,108598
1981.0,271
2081.0,4584
2223.0,6415
2242.0,13632
2307.0,46537
2309.0,31646
2350.0,124352
2492.0,30184
2805.0,1297
2962.0,6055
3115.0,704
3171.0,127
3321.0,346
3343.0,393
3554.0,33
3672.0,394
3692.0,65
3801.0,105
3952.0,53
3968.0,30
3976.0,41
4005.0,40
59.0,7930
171.0,889
241.0,5465
365.0,2156
373.0,43870
409.0,47059
495.0,37565
497.0,668
893.0,122704
975.0,4555
1046.0,32821
1258.0,8820
1510.0,21109
1589.0,63298
1666.0,27724
1673.0,38785
1733.0,2903
1871.0,751
1895.0,3671
2012.0,23879
2042.0,1468
2244.0,90755
2340.0,5755
2403.0,121640
2455.0,254
2481.0,3007
2497.0,126060
2798.0,1035
2902.0,1324
2937.0,1485
2938.0,2390
2941.0,2936
3125.0,42
3138.0,20
3184.0,15594
3207.0,601
3233.0,67
3375.0,18491
3402.0,92
3474.0,620
3517.0,65
3590.0,12
3593.0,21754
3633.0,1058
3668.0,554
3700.0,433
1.0,1169
58.0,25196
98.0,12537
119.0,9771
207.0,36366
644.0,64743
755.0,13806
817.0,181692
914.0,75691
978.0,167050
1118.0,58761
1191.0,47479
1230.0,4507
1231.0,68462
1384.0,18857
1745.0,256303
1797.0,44463
1963.0,27311
2446.0,1216
2552.0,71112
2553.0,2461
3131.0,76
3228.0,1165
3241.0,480
3338.0,2159
3445.0,19541
3478.0,456
3481.0,3048
3685.0,123
3825.0,1201
3863.0,468
3891.0,259
4000.0,110
60.0,32538
81.0,4401
232.0,82987
447.0,112498
581.0,50051
607.0,21393
848.0,54472
862.0,64641
901.0,397302
1036.0,126245
1175.0,38895
1239.0,163532
1274.0,168624
1478.0,105930
1687.0,45637
1899.0,247449
1933.0,61616
1948.0,1240
2001.0,10817
2036.0,1400
2080.0,36459
2224.0,29316
2329.0,233
2430.0,817
2581.0,356
2702.0,25716
2843.0,62405
2855.0,44921
2875.0,2150
3025.0,1021
3058.0,4727
3294.0,792
3381.0,1235
3545.0,18
3567.0,51
3612.0,373
3748.0,126
3820.0,49
3902.0,84
3998.0,143
4022.0,114
191.0,3902
249.0,8534
344.0,73840
397.0,26316
872.0,16727
942.0,62511
971.0,2636
995.0,1691
1116.0,30107
1276.0,3379
1283.0,84373
1287.0,64808
1314.0,287
1385.0,64433
1473.0,129318
1743.0,81260
1833.0,43876
2212.0,1052
2318.0,3647
2465.0,50272
2505.0,38152
2549.0,1158
2554.0,46434
2764.0,52779
2948.0,201257
2971.0,54339
3417.0,316
3444.0,469
3788.0,134
3823.0,6052
3988.0,183
3997.0,21
61.0,27056
417.0,35118
507.0,14454
534.0,19707
620.0,61973
647.0,81770
722.0,2354
867.0,19697
1028.0,56385
1141.0,1070
1289.0,20008
1328.0,339
1415.0,103301
1487.0,78779
1493.0,74
1516.0,105102
1744.0,190400
1867.0,132041
1938.0,60506
2257.0,151586
2761.0,13218
2893.0,640
3071.0,886
3271.0,2675
3440.0,18714
3657.0,24
3717.0,720
3779.0,15
3812.0,50
4016.0,53
163.0,21424
298.0,2248
486.0,19920
513.0,9974
596.0,93876
717.0,2648
879.0,1368
892.0,237463
981.0,805
1037.0,1098
1236.0,162585
1376.0,86613
1428.0,80901
1469.0,247
1492.0,2100
1634.0,80478
1823.0,2611
1868.0,72195
2003.0,77060
2023.0,99140
2515.0,13507
2546.0,48283
2586.0,1362
2714.0,56432
2749.0,5737
2830.0,13597
2849.0,353
2984.0,1201
3130.0,64102
3187.0,2102
3246.0,58087
3318.0,608
3459.0,95
3520.0,2985
3536.0,174
3648.0,172
3796.0,324
3896.0,67
3925.0,48
3954.0,85
4006.0,46
429.0,63973
458.0,25872
476.0,3735
503.0,5475
569.0,153155
736.0,45116
907.0,55424
992.0,319
1117.0,45450
1221.0,54143
1455.0,955
1574.0,77868
1651.0,48565
1705.0,63498
1756.0,4473
1790.0,39309
1863.0,81141
1924.0,28019
1929.0,79141
2142.0,123007
2301.0,226330
2510.0,14272
2650.0,60
2712.0,29444
2866.0,2170
3016.0,4529
3524.0,4009
3564.0,80
3691.0,1523
3719.0,68
3740.0,7056
3894.0,619
4011.0,39
11.0,10513
14.0,30226
83.0,3853
120.0,2312
276.0,27946
760.0,42272
1011.0,771
1049.0,124716
1056.0,122015
1151.0,11749
1171.0,3946
1214.0,98817
1362.0,149662
1367.0,34741
1403.0,73847
1465.0,89787
1539.0,83100
1548.0,92876
1684.0,14005
1729.0,2215
1949.0,98445
1954.0,133587
2102.0,1875
2321.0,96250
2323.0,1087
2433.0,2653
2556.0,3264
2631.0,697
2634.0,46790
2742.0,245
2773.0,3617
3000.0,128
3015.0,9812
3056.0,92
3136.0,46860
3185.0,65640
3454.0,92
3465.0,87
3516.0,540
3639.0,62
3651.0,29
3694.0,128
3906.0,555
3948.0,78
3961.0,42
4045.0,7
97.0,11433
182.0,6800
246.0,30617
346.0,32123
368.0,9336
564.0,15559
775.0,16528
845.0,51974
888.0,3629
1098.0,169546
1122.0,95073
1150.0,84169
1353.0,62500
1565.0,167285
1582.0,37126
1597.0,94696
2130.0,2194
2149.0,939
2163.0,18823
2471.0,36391
2668.0,491
2728.0,187
2750.0,245
3027.0,47852
3150.0,10878
3279.0,815
3377.0,488
3442.0,82
3489.0,31
3513.0,574
3677.0,8864
3851.0,96
3876.0,387
3937.0,137
4054.0,70
4087.0,334
25.0,5055
79.0,38047
96.0,12175
426.0,95000
512.0,7006
568.0,19266
612.0,146687
651.0,47500
659.0,34037
670.0,41243
700.0,1396
952.0,795519
979.0,49539
982.0,21901
1019.0,381
1228.0,12265
1279.0,44681
1327.0,25684
1339.0,87518
1401.0,8114
1443.0,191
1470.0,1074
1649.0,34141
1734.0,14542
1773.0,132529
1891.0,54321
1997.0,30489
2072.0,194844
2250.0,10569
2362.0,4618
2511.0,96719
2940.0,5943
3278.0,77
3299.0,143
3322.0,243
3553.0,298
3583.0,1946
3928.0,17
3964.0,314
53.0,19303
148.0,21398
281.0,22067
355.0,11834
391.0,2252
496.0,10001
615.0,14279
645.0,22569
656.0,5624
828.0,4203
860.0,5175
910.0,143694
1015.0,2260
1101.0,450512
1140.0,53078
1203.0,37746
1282.0,34737
1318.0,84215
1418.0,513
1427.0,145768
1447.0,217512
1545.0,98920
1622.0,166059
1754.0,44148
1808.0,142977
1838.0,286
1877.0,52415
1961.0,634
2388.0,151496
2478.0,65498
2623.0,38266
2648.0,1331
2723.0,50241
2816.0,83083
2820.0,337
2920.0,670
3067.0,824
3121.0,2431
3283.0,31
3398.0,638
3830.0,123
3837.0,6776
229.0,2164
449.0,85489
565.0,51620
693.0,2165
834.0,2669
939.0,25574
958.0,126312
1006.0,2016
1060.0,126600
1064.0,217592
1165.0,102961
1444.0,7869
1503.0,44269
1679.0,179289
1800.0,35545
1901.0,1161
2148.0,21508
2219.0,3413
2236.0,22541
2359.0,142001
2519.0,51493
2562.0,7322
2789.0,59277
2812.0,21045
3005.0,102
3007.0,448
3041.0,10394
3116.0,270
3374.0,267
3601.0,120
3650.0,528
3664.0,145
3899.0,4
3942.0,2709
4080.0,34
278.0,76649
367.0,74807
427.0,20229
967.0,157538
1014.0,5468
1031.0,6066
1072.0,38019
1155.0,17261
1194.0,220630
1363.0,112701
1520.0,1186
1940.0,118683
1977.0,646
2065.0,22085
2075.0,60844
2164.0,18189
2298.0,6463
2392.0,32770
2561.0,183328
2613.0,76232
2741.0,46590
2790.0,31162
2803.0,11582
2869.0,1982
2871.0,1814
2888.0,104
2967.0,382
2988.0,26
3075.0,1883
3158.0,333
3315.0,2847
3528.0,104
3561.0,223
3634.0,2219
3794.0,866
3938.0,128
3939.0,1884
3966.0,9
49.0,10860
107.0,26257
118.0,13064
174.0,751
233.0,1207
609.0,29497
611.0,34221
925.0,6779
1075.0,107763
1189.0,26015
1245.0,74895
1402.0,104621
1439.0,127450
1892.0,238923
2006.0,43286
2020.0,26299
2064.0,63642
2094.0,2927
2103.0,5264
2120.0,714
2324.0,215379
2776.0,249
2783.0,4900
2810.0,7925
3083.0,1232
3223.0,15364
3236.0,461
3240.0,220
3267.0,46
3289.0,138
3354.0,1914
3358.0,1334
3414.0,214
3497.0,379
3505.0,104
4024.0,27
115.0,13203
293.0,12219
390.0,7301
424.0,25403
509.0,87346
626.0,2139
638.0,86855
843.0,94060
964.0,30253
1102.0,5852
1587.0,112493
1654.0,136661
1910.0,135746
1921.0,37973
1979.0,3459
2015.0,47685
2138.0,40137
2339.0,55904
2384.0,96367
2412.0,60685
2489.0,13999
2543.0,6387
2687.0,172
2739.0,47485
2854.0,1339
2863.0,6519
2889.0,6180
3020.0,1004
3066.0,73040
3154.0,21
3161.0,187
3242.0,71
3258.0,2109
3265.0,148
3275.0,60
3464.0,731
3533.0,102
3644.0,80
3926.0,26
4083.0,2
69.0,36348
290.0,101213
610.0,22157
877.0,97631
1022.0,37285
1458.0,31
1471.0,27396
1699.0,1415
1715.0,119568
1757.0,191655
1920.0,818
2063.0,29176
2188.0,16690
2390.0,65486
2475.0,29839
2529.0,51718
2627.0,13244
2707.0,60822
3245.0,7886
3281.0,1621
3346.0,286
3357.0,18
3367.0,67
3372.0,418
3389.0,198
3615.0,28
4089.0,12
91.0,11204
251.0,6312
320.0,24877
408.0,148810
419.0,43090
616.0,5294
697.0,28597
733.0,32977
957.0,60689
1048.0,188851
1055.0,154557
1132.0,131081
1240.0,62392
1349.0,215100
1405.0,96286
1488.0,2442
1551.0,106921
1621.0,75150
1653.0,115929
1852.0,46461
2002.0,1684
2091.0,70990
2202.0,17984
2413.0,62346
2415.0,602
2513.0,679
2720.0,108571
2956.0,5713
3018.0,69
3110.0,64580
3128.0,1030
3425.0,61
3548.0,643
3579.0,1646
3629.0,17463
3746.0,1953
3797.0,97
3910.0,62
8.0,22001
256.0,4928
343.0,12675
439.0,2654
478.0,22285
489.0,27774
498.0,5737
576.0,16121
648.0,6859
906.0,191
1317.0,82
1343.0,20150
1499.0,97438
1546.0,106015
1556.0,157296
1625.0,112059
1659.0,494
1670.0,75878
1701.0,62339
1855.0,1353
1947.0,73100
2267.0,40975
2278.0,16239
2303.0,38976
2544.0,37084
2547.0,249
2659.0,46518
2719.0,81597
2858.0,6352
3063.0,10707
3148.0,26
3162.0,1097
3261.0,119
3293.0,88
3298.0,2552
3348.0,376
3378.0,3143
3624.0,50
3778.0,279
3856.0,352
3905.0,76
13.0,13529
161.0,2182
228.0,15720
286.0,75768
676.0,30509
695.0,25715
710.0,42886
750.0,20963
931.0,423
959.0,50731
973.0,302915
1007.0,53925
1065.0,130200
1111.0,102837
1129.0,4383
1159.0,36555
1206.0,71991
1540.0,1949
1612.0,592
1636.0,54909
1769.0,283097
2086.0,27691
2397.0,1489
2526.0,12220
2568.0,42012
2717.0,1759
2957.0,2205
2989.0,60551
2995.0,5126
3196.0,68504
3518.0,13581
3589.0,1015
3626.0,107
3701.0,54
3855.0,45
4019.0,1478
4078.0,246
4081.0,16
4085.0,7
146.0,2498
166.0,31922
231.0,5074
294.0,39186
384.0,14574
433.0,86209
482.0,40034
514.0,40272
587.0,49955
646.0,68220
734.0,92817
788.0,4722
996.0,118180
1285.0,113948
1340.0,81986
1494.0,1551
1531.0,38512
1595.0,50317
1720.0,100455
1932.0,27968
1952.0,35530
1984.0,50077
2060.0,85777
2087.0,98699
2146.0,32
2375.0,20221
2414.0,254
2614.0,1433
2662.0,13185
2692.0,13928
2716.0,15526
2926.0,109371
2966.0,88
3009.0,84886
3106.0,810
3149.0,131
3168.0,314
3203.0,2005
3471.0,1711
3539.0,34
3631.0,361
3868.0,189
3970.0,343
3975.0,17
4073.0,14
312.0,1670
385.0,41765
666.0,954
720.0,109424
830.0,355
840.0,2342
993.0,12279
999.0,63614
1096.0,31735
1291.0,80952
1352.0,12890
1477.0,120
1484.0,22261
1635.0,73161
1841.0,69282
1847.0,84875
1873.0,32549
1994.0,29897
2084.0,23616
2182.0,1738
2203.0,38887
2398.0,50807
2461.0,107482
2512.0,26116
2649.0,196
2652.0,17721
2666.0,1203
2673.0,3712
2918.0,5616
2978.0,5287
3156.0,123294
3549.0,62
3552.0,33
3749.0,15
16.0,17060
51.0,23025
185.0,15836
392.0,7565
431.0,60170
583.0,3694
631.0,10357
758.0,64593
871.0,107687
924.0,1409
1311.0,75279
1395.0,221547
1466.0,91921
1844.0,19173
1881.0,106810
1884.0,15531
1898.0,915
1925.0,252617
1937.0,892
2024.0,1385
2030.0,542
2152.0,142140
2177.0,139345
2337.0,15066
2597.0,3123
2734.0,170
2740.0,110123
3050.0,455
3112.0,412
3170.0,1928
3212.0,84
3224.0,2632
3349.0,1208
3388.0,215
3532.0,12675
3538.0,50
3750.0,27
3980.0,2487
4017.0,49
4070.0,147
4091.0,148
194.0,38012
200.0,10438
240.0,6309
257.0,45760
288.0,10952
332.0,15982
358.0,15813
432.0,25867
468.0,27352
510.0,44123
600.0,6416
768.0,118496
826.0,7401
919.0,79845
1053.0,12906
1288.0,186159
1330.0,137434
1350.0,101121
1387.0,92
1419.0,359
1803.0,206061
1851.0,47439
1865.0,52912
1931.0,626
1936.0,3377
2092.0,4480
2093.0,10278
2195.0,65661
2380.0,32924
2763.0,1972
2767.0,31284
2845.0,20727
3091.0,46125
3157.0,461
3199.0,493
3231.0,17949
3327.0,9357
3365.0,67
3406.0,12878
3504.0,91
3523.0,29
3560.0,1751
3653.0,153
3693.0,1699
3702.0,2869
3715.0,1095
3769.0,38
3860.0,326
4086.0,28
65.0,10467
80.0,10664
297.0,8216
553.0,23966
606.0,35712
932.0,207535
1216.0,138
1256.0,60305
1333.0,118898
1496.0,203
1553.0,118995
1704.0,147444
1902.0,31392
2055.0,145644
2106.0,150341
2135.0,118916
2172.0,30430
2192.0,68970
2222.0,88875
2268.0,45393
2615.0,454
2633.0,67065
2711.0,11917
2824.0,11678
2834.0,83068
2841.0,12540
2851.0,33106
2904.0,105439
3019.0,1451
3087.0,901
3129.0,1738
3229.0,88
3420.0,1190
3646.0,5577
3729.0,42
3767.0,31
3842.0,446
3861.0,6176
3908.0,38
3987.0,33
4072.0,14
12.0,18780
140.0,1469
277.0,115374
423.0,9110
462.0,5679
523.0,13760
526.0,7700
701.0,16747
818.0,3754
1158.0,5201
1261.0,30790
1271.0,56699
1275.0,530
1323.0,7975
1334.0,67222
1407.0,52110
1462.0,168
1640.0,1607
2139.0,70965
2495.0,35671
2947.0,78703
3078.0,4947
3230.0,5646
3290.0,13063
3401.0,63
3485.0,104
3675.0,22
3826.0,45
4055.0,126
4077.0,9
4088.0,24
126.0,13422
215.0,1525
415.0,16024
465.0,9134
558.0,46115
782.0,53967
891.0,60418
1112.0,121252
1220.0,34645
1286.0,126250
1326.0,170021
1524.0,97813
1611.0,26954
2043.0,112743
2193.0,101701
2208.0,1932
2299.0,26084
2300.0,54554
2330.0,90220
2485.0,22858
2540.0,349
2602.0,97264
2610.0,3645
2802.0,524
2907.0,12047
2912.0,153
2952.0,3394
3094.0,3200
3124.0,16310
3443.0,72
3535.0,208
3745.0,697
3834.0,140
21.0,5149
28.0,18447
75.0,4994
130.0,4596
147.0,68095
477.0,37966
579.0,15390
780.0,4862
785.0,101198
1139.0,55293
1192.0,12001
1195.0,133474
1440.0,95933
1566.0,270415
1623.0,625
1667.0,63974
1726.0,53815
1826.0,267551
1974.0,2575
2022.0,9178
2157.0,144648
2311.0,91323
2373.0,34788
2374.0,24663
2379.0,83990
2571.0,1302
2698.0,234
2811.0,146645
2862.0,14941
3226.0,891
3605.0,12
3699.0,446
3736.0,39
3889.0,71
3972.0,14
19.0,133938
418.0,11460
430.0,3574
545.0,66532
561.0,123440
661.0,20568
721.0,1703
792.0,37947
835.0,8347
839.0,182
895.0,2245
1227.0,2068
1233.0,57236
1310.0,114881
1354.0,205
1489.0,144617
1689.0,45388
1831.0,32271
1842.0,36898
1964.0,116635
1993.0,18005
2179.0,31389
2493.0,159
2528.0,18873
2551.0,28902
2598.0,22126
2970.0,51431
3111.0,1089
3118.0,1614
3204.0,719
3253.0,707
3403.0,1682
3473.0,511
3522.0,344
3637.0,627
3817.0,89
3828.0,62
3879.0,63
3881.0,29
4066.0,118
371.0,15985
403.0,15791
685.0,41282
836.0,123042
905.0,2999
1005.0,78054
1074.0,47842
1085.0,22681
1297.0,61966
1505.0,977
1563.0,109829
1605.0,27531
1698.0,223578
1727.0,37969
1753.0,47018
1801.0,72886
1816.0,41650
2124.0,175437
2166.0,112863
2356.0,44680
2442.0,457
2445.0,53149
2474.0,50607
2517.0,41090
2542.0,150979
2567.0,64297
2618.0,70024
2637.0,98728
2827.0,532
3047.0,797
3340.0,259
3364.0,55
3527.0,45
3537.0,49
3673.0,76
3754.0,550
3836.0,59
3850.0,1092
4034.0,48
4075.0,117
10.0,29435
71.0,3115
106.0,4506
114.0,7944
239.0,25207
274.0,2552
335.0,1725
566.0,4213
668.0,63820
966.0,75609
1264.0,29720
1394.0,32607
1525.0,204859
1672.0,24447
1696.0,65518
2155.0,48820
2194.0,829
2429.0,72813
2447.0,146747
2791.0,97571
2979.0,68431
3013.0,1592
3043.0,4506
3287.0,5019
3496.0,505
3588.0,4205
3603.0,192
3613.0,623
3821.0,97
3981.0,60
57.0,16644
441.0,72687
455.0,4462
574.0,12761
757.0,1654
825.0,141656
904.0,39153
948.0,88697
1088.0,146460
1095.0,36853
1371.0,119815
1567.0,15618
1577.0,81434
1748.0,15160
2097.0,144530
2158.0,1160
2579.0,112153
2688.0,5335
2987.0,2210
3122.0,733
3306.0,1167
3462.0,4616
3703.0,96
3783.0,160
3869.0,94
9.0,38082
124.0,5121
176.0,39053
319.0,9170
530.0,5266
555.0,1878
726.0,85846
811.0,232696
987.0,107305
1030.0,141966
1044.0,6253
1100.0,57138
1247.0,79730
1610.0,95888
1637.0,44651
1878.0,70356
1915.0,4824
2011.0,107
2186.0,51168
2233.0,57530
2272.0,30714
2480.0,141
2587.0,16374
2861.0,51097
2991.0,39664
3163.0,2571
3262.0,1603
3266.0,431
3339.0,2816
3502.0,1218
3563.0,34
3608.0,80
3724.0,3724
3758.0,170
3915.0,9
3996.0,65
4037.0,60
